"citation_key","chapters","citation_occurrences","bib_present","bbl_present","authors","year","title","reference_type","stable_identifier","identifier_status","evidence_source","method_trace_rows","relation","notes"
"AhnHorenstein2013","6","1","TRUE","TRUE","Ahn, Seung C.; Horenstein, Alex R.","2013","Eigenvalue ratio test for the number of factors","article","","book_metadata_only","references.bib+main.bbl","","background_or_review",""
"AminiWainwright2009","6","2","TRUE","TRUE","Amini, Arash A.; Wainwright, Martin J.","2009","High-dimensional analysis of semidefinite relaxations for sparse principal components","article","","book_metadata_only","references.bib+main.bbl","","background_or_review",""
"Anderson2003","3;4;5;6","9","TRUE","TRUE","Anderson, T. W.","2003","An introduction to multivariate statistical analysis","book","","book_metadata_only","references.bib+main.bbl","","background_or_review",""
"AndrewsMcNicholas2012","7","1","TRUE","TRUE","Andrews, Jeffrey L.; McNicholas, Paul D.","2012","Model-based clustering, classification, and discriminant analysis via mixtures of multivariate $t$-distributions","article","","book_metadata_only","references.bib+main.bbl","","background_or_review",""
"AngKristensen2012ConditionalFactor","4","3","TRUE","TRUE","Ang, Andrew; Kristensen, Dennis","2012","Testing conditional factor models","article","doi:10.1016/j.jfineco.2012.04.008","stable_identifier","PRIMARY_METHOD_VERIFICATION","MTR-060","method_primary",""
"AzizyanSinghWasserman2013","7","1","TRUE","TRUE","Azizyan, Martin; Singh, Aarti; Wasserman, Larry","2013","Minimax theory for high-dimensional gaussian mixtures with sparse mean separation","inproceedings","","book_metadata_only","references.bib+main.bbl","","background_or_review",""
"AzizyanSinghWasserman2015","7","1","TRUE","TRUE","Azizyan, Martin; Singh, Aarti; Wasserman, Larry","2015","Efficient sparse clustering of high-dimensional non-spherical gaussian mixtures","inproceedings","","book_metadata_only","references.bib+main.bbl","","background_or_review",""
"Bai2003","6","2","TRUE","TRUE","Bai, Jushan","2003","Inferential theory for factor models of large dimensions","article","","book_metadata_only","references.bib+main.bbl","","background_or_review",""
"BaiNg2002","6","2","TRUE","TRUE","Bai, Jushan; Ng, Serena","2002","Determining the number of factors in approximate factor models","article","","book_metadata_only","references.bib+main.bbl","","background_or_review",""
"BaiJiangYaoZheng2009","3","2","TRUE","TRUE","Bai, Zhidong; Jiang, Dandan; Yao, Jianfeng; Zheng, Shurong","2009","Corrections to LRT on large-dimensional covariance matrix by RMT","article","","book_metadata_only","references.bib+main.bbl","","background_or_review",""
"BaiSaranadasa1996","2","2","TRUE","TRUE","Bai, Zhidong; Saranadasa, Hewa","1996","Effect of high dimension: By an example of a two sample problem","article","url:https://www3.stat.sinica.edu.tw/statistica/j6n2/j6n21/j6n21.htm","stable_identifier","LITERATURE_AUDIT","MTR-015","method_primary",""
"BickelLevina2004","5","3","TRUE","TRUE","Bickel, Peter J.; Levina, Elizaveta","2004","Some theory for fisher’s linear discriminant function, “naive bayes”, and some alternatives when there are many more variables than observations","article","doi:10.3150/bj/1106314847","stable_identifier","PRIMARY_METHOD_VERIFICATION","MTR-069","method_primary","Independent verification: typography and capitalization only"
"BickelLevina2008Cov","3","3","TRUE","TRUE","Bickel, Peter J.; Levina, Elizaveta","2008","Covariance regularization by thresholding","article","doi:10.1214/08-AOS600","stable_identifier","PRIMARY_METHOD_VERIFICATION","MTR-041","method_primary",""
"BickelLevina2008Reg","3","1","TRUE","TRUE","Bickel, Peter J.; Levina, Elizaveta","2008","Regularized estimation of large covariance matrices","article","","book_metadata_only","references.bib+main.bbl","","background_or_review",""
"BosePalSahaRayNayak2015","5","2","TRUE","TRUE","Bose, Soham; Pal, Nikhil R.; Saha Ray, Suman; Nayak, Janmenjoy","2015","Generalized quadratic discriminant analysis","article","doi:10.1016/j.patcog.2015.02.016","stable_identifier","PRIMARY_METHOD_VERIFICATION","MTR-072","method_primary","Independent verification: MAJOR: book metadata incorrectly lists Soham Bose; Nikhil R. Pal; Suman Saha Ray; Janmenjoy Nayak"
"BouveyronBrunetSaumard2014","7","2","TRUE","TRUE","Bouveyron, Charles; Brunet-Saumard, Camille","2014","Model-based clustering of high-dimensional data: A review","article","","book_metadata_only","references.bib+main.bbl","","background_or_review",""
"BoxPierce1970","4","2","TRUE","TRUE","Box, George E. P.; Pierce, David A.","1970","Distribution of residual autocorrelations in autoregressive-integrated moving average time series models","article","doi:10.1080/01621459.1970.10481180","stable_identifier","PRIMARY_METHOD_VERIFICATION","MTR-062","method_primary","Independent verification: publisher DOI preferred over JSTOR; volume year retained"
"BrodinovaFilzmoserOrtnerBreitenederRohm2019","7","1","TRUE","TRUE","Brodinová, Šárka; Filzmoser, Peter; Ortner, Thomas; Breiteneder, Christian; Rohm, Maia","2019","Robust and sparse $K$-means clustering for high-dimensional data","article","","book_metadata_only","references.bib+main.bbl","","background_or_review",""
"CaiLiu2011AdaptiveThreshold","3","2","TRUE","TRUE","Cai, T. Tony; Liu, Weidong","2011","Adaptive thresholding for sparse covariance matrix estimation","article","doi:10.1198/jasa.2011.tm10560","stable_identifier","PRIMARY_METHOD_VERIFICATION","MTR-018;MTR-041","method_primary","Independent verification: online platform date is later than the 2011 volume year"
"CaiLiu2011LDA","5","4","TRUE","TRUE","Cai, T. Tony; Liu, Weidong","2011","A direct estimation approach to sparse linear discriminant analysis","article","doi:10.1198/jasa.2011.tm11199","stable_identifier","PRIMARY_METHOD_VERIFICATION","MTR-069","method_primary","Independent verification: online platform date is later than the 2011 volume year"
"CaiLiuLuo2011CLIME","3","3","TRUE","TRUE","Cai, T. Tony; Liu, Weidong; Luo, Xi","2011","A constrained $\ell_1$ minimization approach to sparse precision matrix estimation","article","doi:10.1198/jasa.2011.tm10155","stable_identifier","LITERATURE_AUDIT","MTR-044","method_primary",""
"CaiLiuXia2014","2","4","TRUE","TRUE","Cai, T. Tony; Liu, Weidong; Xia, Yin","2014","Two-sample test of high dimensional means under dependence","article","doi:10.1111/rssb.12034","stable_identifier","LITERATURE_AUDIT","MTR-018","method_primary",""
"CaiMaZhang2019","7","5","TRUE","TRUE","Cai, T. Tony; Ma, Jing; Zhang, Linjun","2019","CHIME: Clustering of high-dimensional gaussian mixtures with EM algorithm and its optimality","article","doi:10.1214/18-AOS1711","stable_identifier","LITERATURE_AUDIT","MTR-082","method_primary",""
"CaiMaWu2013","6","2","TRUE","TRUE","Cai, T. Tony; Ma, Zongming; Wu, Yihong","2013","Sparse PCA: Optimal rates and adaptive estimation","article","","book_metadata_only","references.bib+main.bbl","","background_or_review",""
"CaiZhang2021QDA","5","4","TRUE","TRUE","Cai, T. Tony; Zhang, Linjun","2021","A convex optimization approach to high-dimensional sparse quadratic discriminant analysis","article","doi:10.1214/20-AOS2012","stable_identifier","PRIMARY_METHOD_VERIFICATION","MTR-071","method_primary",""
"ChangYaoZhou2017WhiteNoise","4","2","TRUE","TRUE","Chang, Jinyuan; Yao, Qiwei; Zhou, Wen","2017","Testing for high-dimensional white noise using maximum cross-correlations","article","","book_metadata_only","references.bib+main.bbl","","background_or_review",""
"ChenSongFeng2025RankWhiteNoise","4","4","TRUE","TRUE","Chen, Dachuan; Song, Fengyi; Feng, Long","2025","Rank-based tests for high dimensional white noise","article","doi:10.5705/ss.202022.0382","stable_identifier","LITERATURE_AUDIT","MTR-062","method_primary",""
"ChenQin2010","2","2","TRUE","TRUE","Chen, Song Xi; Qin, Ying-Li","2010","A two-sample test for high-dimensional data with applications to gene-set testing","article","arXiv:1002.4547","stable_identifier","LITERATURE_AUDIT","MTR-016","method_primary",""
"ChenZhangZhong2010","3","2","TRUE","TRUE","Chen, Song Xi; Zhang, Li-Xin; Zhong, Ping-Shou","2010","Tests for high-dimensional covariance matrices","article","doi:10.1198/jasa.2010.tm09560","stable_identifier","PRIMARY_METHOD_VERIFICATION","MTR-046","method_primary","Independent verification: online platform date is later than the 2010 volume year"
"ChengLiuPengZhangZheng2019SSCM","3","4","TRUE","TRUE","Cheng, Guanghui; Liu, Baisen; Peng, Liuhua; Zhang, Baoxue; Zheng, Shurong","2019","Testing the equality of two high-dimensional spatial sign covariance matrices","article","doi:10.1111/sjos.12350","stable_identifier","LITERATURE_AUDIT","MTR-048","method_primary",""
"ClemmensenEtAl2011","5","3","TRUE","TRUE","Clemmensen, Line; Hastie, Trevor; Witten, Daniela; Ersbøll, Bjarne","2011","Sparse discriminant analysis","article","","book_metadata_only","references.bib+main.bbl","","background_or_review",""
"CrouxDehon2001","5","2","TRUE","TRUE","Croux, Christophe; Dehon, Catherine","2001","Robust linear discriminant analysis using s-estimators","article","","book_metadata_only","references.bib+main.bbl","","background_or_review",""
"CrouxFilzmoserJoossens2008","5","2","TRUE","TRUE","Croux, Christophe; Filzmoser, Peter; Joossens, Kristel","2008","Classification efficiencies for robust linear discriminant analysis","article","","book_metadata_only","references.bib+main.bbl","","background_or_review",""
"CsorgoHorvath1997","4","2","TRUE","TRUE","Cs""orgő, Miklós; Horváth, Lajos","1997","Limit theorems in change-point analysis","book","","book_metadata_only","references.bib+main.bbl","","background_or_review",""
"DangBrowneMcNicholas2015","7","1","TRUE","TRUE","Dang, Utkarsh J.; Browne, Ryan P.; McNicholas, Paul D.","2015","Mixtures of multivariate power exponential distributions","article","","book_metadata_only","references.bib+main.bbl","","background_or_review",""
"deHaanFerreira2006","Appendix-P","1","TRUE","TRUE","Haan, Laurens; Ferreira, Ana","2006","Extreme value theory: An introduction","book","","book_metadata_only","references.bib+main.bbl","","background_or_review",""
"DurreFriedVogel2017","1","1","TRUE","TRUE","Dürre, Alexander; Fried, Roland; Vogel, Daniel","2017","The spatial sign covariance matrix and its application for robust correlation estimation","article","","book_metadata_only","references.bib+main.bbl","","background_or_review",""
"FanFan2008","5","3","TRUE","TRUE","Fan, Jianqing; Fan, Yingying","2008","High-dimensional classification using features annealed independence rules","article","doi:10.1214/07-AOS504","stable_identifier","PRIMARY_METHOD_VERIFICATION","MTR-069","method_primary",""
"FanLiaoLiu2015Review","3;5","3","TRUE","TRUE","Fan, Jianqing; Liao, Yuan; Liu, Han","2015","An overview on the estimation of large covariance and precision matrices","article","arXiv:1504.02995","stable_identifier","references.bib","","background_or_review",""
"FanLiaoMincheva2011","3","2","TRUE","TRUE","Fan, Jianqing; Liao, Yuan; Mincheva, Martina","2011","High-dimensional covariance matrix estimation in approximate factor models","article","","book_metadata_only","references.bib+main.bbl","","background_or_review",""
"FanLiaoMincheva2013","3;6;7","5","TRUE","TRUE","Fan, Jianqing; Liao, Yuan; Mincheva, Martina","2013","Large covariance estimation by thresholding principal orthogonal complements","article","doi:10.1111/rssb.12016","stable_identifier","PRIMARY_METHOD_VERIFICATION","MTR-041;MTR-076","method_primary",""
"FanLiuWang2018","1;3;6;7","10","TRUE","TRUE","Fan, Jianqing; Liu, Han; Wang, Weichen","2018","Large covariance estimation through elliptical factor models","article","doi:10.1214/17-AOS1588","stable_identifier","LITERATURE_AUDIT","MTR-005","method_primary",""
"FangAnderson1990","1;5","5","TRUE","TRUE","Fang, Kai-Tai; Anderson, Theodore W.","1990","Statistical inference in elliptically contoured and related distributions","book","","book_metadata_only","references.bib+main.bbl","","background_or_review",""
"LongDingLiu2020PanelRank","4","1","TRUE","TRUE","Feng, Long; Ding, Yanling; Liu, Binghui","2020","Rank-based tests for cross-sectional dependence in large (N,T) fixed effects panel data models","article","","book_metadata_only","references.bib+main.bbl","","background_or_review",""
"FengJiangLiLiu2024AsympIndependence","2;4","4","TRUE","TRUE","Feng, Long; Jiang, Tiefeng; Li, Xiaoyun; Liu, Binghui","2024","Asymptotic independence of the sum and maximum of dependent random variables with applications to high-dimensional tests","article","","book_metadata_only","references.bib+main.bbl","","background_or_review",""
"LongJiangLiuXiong2022PanelIndep","4","2","TRUE","TRUE","Feng, Long; Jiang, Tiefeng; Liu, Binghui; Xiong, Wei","2022","Max-sum tests for cross-sectional independence of high-dimensional panel data","article","doi:10.1214/21-AOS2142","stable_identifier","LITERATURE_AUDIT","MTR-063","method_primary",""
"FengLanLiuMa2022AlphaSparse","4","2","TRUE","TRUE","Feng, Long; Lan, Wei; Liu, Binghui; Ma, Yanyuan","2022","High-dimensional test for alpha in linear factor pricing models with sparse alternatives","article","doi:10.1016/j.jeconom.2021.07.011","stable_identifier","LITERATURE_AUDIT","MTR-054","method_primary",""
"FengLiu2017RankSphericity","3","2","TRUE","TRUE","Feng, Long; Liu, Binghui","2017","High dimensional rank tests for sphericity","article","doi:10.1016/j.jmva.2017.01.003","stable_identifier","LITERATURE_AUDIT","MTR-047","method_primary",""
"FengLiuMa2021INST","2","5","TRUE","TRUE","Feng, Long; Liu, Binghui; Ma, Yanyuan","2021","An inverse norm sign test of location parameter for high-dimensional data","article","doi:10.1080/07350015.2020.1736084","stable_identifier","LITERATURE_AUDIT","MTR-022;MTR-025","method_primary",""
"FengLiuMa2024WhiteNoise","4","2","TRUE","TRUE","Feng, Long; Liu, Binghui; Ma, Yanyuan","2024","Testing for high-dimensional white noise","article","doi:10.5705/ss.202023.0300","stable_identifier","LITERATURE_AUDIT","MTR-062","method_primary",""
"FengSun2016","2","6","TRUE","TRUE","Feng, Long; Sun, Fasheng","2016","Spatial sign based high dimensional location test","article","doi:10.1214/16-EJS1176","stable_identifier","LITERATURE_AUDIT","MTR-024","method_primary",""
"FengWang2026PDQ","2","3","TRUE","TRUE","Feng, Long; Wang, Hongfei","2026","High-dimensional two-sample test for elliptical symmetry distribution","misc","arXiv:2605.03265","stable_identifier","external_verified_2026-08-15","MTR-037","method_primary",""
"FengZhangLiu2020SpatialRank","2","2","TRUE","TRUE","Feng, Long; Zhang, Xiaoxu; Liu, Binghui","2020","A high-dimensional spatial rank test for two-sample location problems","article","doi:10.1016/j.csda.2019.106889","stable_identifier","LITERATURE_AUDIT","MTR-030","method_primary",""
"FengZhangLiu2022Proportionality","3","1","TRUE","TRUE","Feng, Long; Zhang, Xiaoxu; Liu, Binghui","2022","High-dimensional proportionality test of two covariance matrices and its application to gene expression data","article","doi:10.1080/24754269.2021.1984373","stable_identifier","LITERATURE_AUDIT","MTR-048","method_primary",""
"LongZhaoDingLiu2021PanelRank","4","1","TRUE","TRUE","Feng, Long; Zhao, Ping; Ding, Yanling; Liu, Binghui","2021","Rank-based tests of cross-sectional dependence in panel data models","article","","book_metadata_only","references.bib+main.bbl","","background_or_review",""
"FengZhouWang2026ERHT","2","2","TRUE","TRUE","Feng, Long; Zhou, Le; Wang, Xiaoyi","2026","Elliptical regularized hotelling testing for high dimensional data","article","arXiv:2606.25942","stable_identifier","LITERATURE_AUDIT","MTR-039","method_primary",""
"FengZhuang2026SEMC","7","2","TRUE","TRUE","Feng, Long; Zhuang, Dan","2026","Semiparametric elliptical mixture clustering for high-dimensional data","article","arXiv:2605.08995","stable_identifier","LITERATURE_AUDIT","MTR-087","method_primary",""
"FengZouWang2016JASA","2","5","TRUE","TRUE","Feng, Long; Zou, Changliang; Wang, Zhaojun","2016","Multivariate-sign-based high-dimensional tests for the two-sample location problem","article","doi:10.1080/01621459.2015.1035380","stable_identifier","LITERATURE_AUDIT","MTR-028","method_primary",""
"FengZouWangZhu2015BF","2","5","TRUE","TRUE","Feng, Long; Zou, Changliang; Wang, Zhaojun; Zhu, Lixing","2015","Two sample behrens–fisher problem for high-dimensional data","article","doi:10.5705/ss.2014.048","stable_identifier","PRIMARY_METHOD_VERIFICATION","MTR-019","method_primary","Independent verification: title hyphenation only"
"FengZouWangZhu2017CT2","2","1","TRUE","TRUE","Feng, Long; Zou, Changliang; Wang, Zhaojun; Zhu, Lixing","2017","Composite $T^2$ test for high dimensional data","article","doi:10.5705/ss.202015.0199","stable_identifier","PRIMARY_METHOD_VERIFICATION","MTR-020","method_primary","Independent verification: title typography only; DOI substring is not a publication year"
"FisherSunGallagher2010","3","2","TRUE","TRUE","Fisher, T. J.; Sun, Xiaoqian; Gallagher, Christopher M.","2010","A new test for sphericity of the covariance matrix for high-dimensional data","article","doi:10.1016/j.jmva.2010.07.004","stable_identifier","PRIMARY_METHOD_VERIFICATION","MTR-046","method_primary","Independent verification: MAJOR: book metadata says Christopher M. Gallagher; canonical author is Colin M. Gallagher"
"FopMurphy2018","7","2","TRUE","TRUE","Fop, Michael; Murphy, Thomas Brendan","2018","Variable selection methods for model-based clustering","article","","book_metadata_only","references.bib+main.bbl","","background_or_review",""
"FraleyRaftery2002","7","2","TRUE","TRUE","Fraley, Chris; Raftery, Adrian E.","2002","Model-based clustering, discriminant analysis, and density estimation","article","doi:10.1198/016214502760047131","stable_identifier","PRIMARY_METHOD_VERIFICATION","MTR-080","method_primary","Independent verification: online platform date is later than the 2002 volume year"
"FriedmanHastieTibshirani2008","3;7","3","TRUE","TRUE","Friedman, Jerome; Hastie, Trevor; Tibshirani, Robert","2008","Sparse inverse covariance estimation with the graphical lasso","article","doi:10.1093/biostatistics/kxm045","stable_identifier","LITERATURE_AUDIT","MTR-043","method_primary",""
"GaoMaRenZhou2015","6","2","TRUE","TRUE","Gao, Chao; Ma, Zongming; Ren, Zhao; Zhou, Harrison H.","2015","Minimax estimation in sparse canonical correlation analysis","article","","book_metadata_only","references.bib+main.bbl","","background_or_review",""
"GaoMaZhou2017SparseCCA","6","2","TRUE","TRUE","Gao, Chao; Ma, Zongming; Zhou, Harrison H.","2017","Sparse CCA: Adaptive estimation and computational barriers","article","","book_metadata_only","references.bib+main.bbl","","background_or_review",""
"GhoshSahaRayChakrabartyBhadra2021","5","2","TRUE","TRUE","Ghosh, Susmita; Saha Ray, Suman; Chakrabarty, Ayan; Bhadra, Debasis","2021","Robust generalized quadratic discriminant analysis for classification of high-dimensional data","article","","book_metadata_only","references.bib+main.bbl","","background_or_review",""
"GibbonsRossShanken1989","4","2","TRUE","TRUE","Gibbons, Michael R.; Ross, Stephen A.; Shanken, Jay","1989","A test of the efficiency of a given portfolio","article","","book_metadata_only","references.bib+main.bbl","","background_or_review",""
"GormleyMurphyRaftery2023","7","2","TRUE","TRUE","Gormley, Isobel Claire; Murphy, Thomas Brendan; Raftery, Adrian E.","2023","Model-based clustering","article","","book_metadata_only","references.bib+main.bbl","","background_or_review",""
"HallHeyde1980","Appendix-P","1","TRUE","TRUE","Hall, Peter; Heyde, Christopher C.","1980","Martingale limit theory and its application","book","","book_metadata_only","references.bib+main.bbl","","background_or_review",""
"HallinPaindaveine2002","1;2","4","TRUE","TRUE","Hallin, Marc; Paindaveine, Davy","2002","Optimal tests for multivariate location based on interdirections and pseudo-Mahalanobis ranks","article","","book_metadata_only","references.bib+main.bbl","","background_or_review",""
"HallinPaindaveine2006","1;3","2","TRUE","TRUE","Hallin, Marc; Paindaveine, Davy","2006","Semiparametrically efficient rank-based inference for shape. I. Optimal rank-based tests for sphericity","article","doi:10.1214/009053606000000731","stable_identifier","PRIMARY_METHOD_VERIFICATION","MTR-040","method_primary",""
"HanLiu2018ECA","1;6","6","TRUE","TRUE","Han, Fang; Liu, Han","2018","ECA: High-dimensional elliptical component analysis in non-Gaussian distributions","article","doi:10.1080/01621459.2016.1246366","stable_identifier","LITERATURE_AUDIT","MTR-005;MTR-077","method_primary",""
"HanZhaoLiu2013","5","2","TRUE","TRUE","Han, Fang; Zhao, Tuo; Liu, Han","2013","CODA: High dimensional copula discriminant analysis","article","","book_metadata_only","references.bib+main.bbl","","background_or_review",""
"HartiganWong1979","7","2","TRUE","TRUE","Hartigan, John A.; Wong, Manchek A.","1979","Algorithm AS 136: A k-means clustering algorithm","article","","book_metadata_only","references.bib+main.bbl","","background_or_review",""
"HeKongYuZhang2022FactorNoMoments","4;6","4","TRUE","TRUE","He, Yong; Kong, Xinbing; Yu, Long; Zhang, Xinsheng","2022","Large-dimensional factor analysis without moment constraints","article","doi:10.1080/07350015.2020.1811101","stable_identifier","PRIMARY_METHOD_VERIFICATION","MTR-075","method_primary","Independent verification: online-first 2020; canonical issue year 2022"
"HettmanspergerOja1994","2","3","TRUE","TRUE","Hettmansperger, Thomas P.; Oja, Hannu","1994","Affine invariant multivariate multisample sign tests","article","","book_metadata_only","references.bib+main.bbl","","background_or_review",""
"HettmanspergerRandles2002","1;2","3","TRUE","TRUE","Hettmansperger, Thomas P.; Randles, Ronald H.","2002","A practical affine equivariant multivariate median","article","doi:10.1093/biomet/89.4.851","stable_identifier","LITERATURE_AUDIT","MTR-009","method_primary",""
"HodgsonLintonVorkink2002","4","2","TRUE","TRUE","Hodgson, Douglas J.; Linton, Oliver; Vorkink, Keith","2002","Testing the capital asset pricing model efficiently under elliptical symmetry: A semiparametric approach","article","","book_metadata_only","references.bib+main.bbl","","background_or_review",""
"Hotelling1931","2","1","TRUE","TRUE","Hotelling, Harold","1931","The generalization of student’s ratio","article","doi:10.1214/aoms/1177732979","stable_identifier","PRIMARY_METHOD_VERIFICATION","MTR-011","method_primary",""
"Hotelling1936","6","1","TRUE","TRUE","Hotelling, Harold","1936","Relations between two sets of variates","article","","book_metadata_only","references.bib+main.bbl","","background_or_review",""
"HuangLiuZhouFeng2023TwoSampleINST","2","2","TRUE","TRUE","Huang, Xifen; Liu, Binghui; Zhou, Qin; Feng, Long","2023","A high-dimensional inverse norm sign test for two-sample location problems","article","doi:10.1002/cjs.11731","stable_identifier","LITERATURE_AUDIT","MTR-031","method_primary",""
"JainDubes1988","7","1","TRUE","TRUE","Jain, Anil K.; Dubes, Richard C.","1988","Algorithms for clustering data","book","","book_metadata_only","references.bib+main.bbl","","background_or_review",""
"JiangWangLeng2018","5","4","TRUE","TRUE","Jiang, Binyan; Wang, Xiangyu; Leng, Chenlei","2018","A direct approach for sparse quadratic discriminant analysis","article","arXiv:1510.00084","stable_identifier","PRIMARY_METHOD_VERIFICATION","MTR-071","method_primary","Independent verification: arXiv first posted 2015; canonical JMLR issue year 2018"
"JinKeWang2017","7","4","TRUE","TRUE","Jin, Jiashun; Ke, Zheng Tracy; Wang, Wanjie","2017","Phase transitions for high-dimensional clustering and related problems","article","","book_metadata_only","references.bib+main.bbl","","background_or_review",""
"JinWang2016IFPCA","7","2","TRUE","TRUE","Jin, Jiashun; Wang, Wanjie","2016","Influential features PCA for high-dimensional clustering","article","doi:10.1214/15-AOS1423","stable_identifier","LITERATURE_AUDIT","MTR-083","method_primary",""
"John1971","3","1","TRUE","TRUE","John, S.","1971","Some optimal multivariate tests","article","doi:10.1093/biomet/58.1.123","stable_identifier","PRIMARY_METHOD_VERIFICATION","MTR-040","method_primary","Independent verification: Oxford DOI preferred over JSTOR"
"John1972","3","1","TRUE","TRUE","John, S.","1972","The distribution of a statistic used for testing sphericity of normal distributions","article","","book_metadata_only","references.bib+main.bbl","","background_or_review",""
"JohnstoneLu2009","6","2","TRUE","TRUE","Johnstone, Iain M.; Lu, Arthur Yu","2009","On consistency and sparsity for principal components analysis in high dimensions","article","","book_metadata_only","references.bib+main.bbl","","background_or_review",""
"KondoSalibianBarreraZamar2012","7","1","TRUE","TRUE","Kondo, Yumi; Salibian-Barrera, Matias; Zamar, Ruben H.","2012","A robust and sparse k-means clustering algorithm","misc","arXiv:1201.6082","stable_identifier","references.bib","","background_or_review",""
"LamFan2009","3","2","TRUE","TRUE","Lam, Clifford; Fan, Jianqing","2009","Sparsistency and rates of convergence in large covariance matrix estimation","article","","book_metadata_only","references.bib+main.bbl","","background_or_review",""
"LanFengLuo2018AssetPricing","4","2","TRUE","TRUE","Lan, Wei; Feng, Long; Luo, Ronghua","2018","Testing high-dimensional linear asset pricing models","article","","book_metadata_only","references.bib+main.bbl","","background_or_review",""
"LeadbetterLindgrenRootzen1983","Appendix-P","1","TRUE","TRUE","Leadbetter, M. R.; Lindgren, Georg; Rootzén, Holger","1983","Extremes and related properties of random sequences and processes","book","","book_metadata_only","references.bib+main.bbl","","background_or_review",""
"LedoitWolf2002","3","2","TRUE","TRUE","Ledoit, Olivier; Wolf, Michael","2002","Some hypothesis tests for the covariance matrix when the dimension is large compared to the sample size","article","","book_metadata_only","references.bib+main.bbl","","background_or_review",""
"LiChen2012","3","3","TRUE","TRUE","Li, Jun; Chen, Song Xi","2012","Two sample tests for high-dimensional covariance matrices","article","doi:10.1214/12-AOS993","stable_identifier","PRIMARY_METHOD_VERIFICATION","MTR-046","method_primary",""
"LiShao2015","5","4","TRUE","TRUE","Li, Quefeng; Shao, Jun","2015","Sparse quadratic discriminant analysis for high dimensional data","article","doi:10.5705/ss.2013.150","stable_identifier","PRIMARY_METHOD_VERIFICATION","MTR-071","method_primary",""
"LiXu2022SpatialMedian","2;5","4","TRUE","TRUE","Li, Weiming; Xu, Yangchang","2022","Asymptotic properties of high-dimensional spatial median in elliptical distributions with application","article","","book_metadata_only","references.bib+main.bbl","","background_or_review",""
"LiWangZou2016SimpleTwoSample","2","4","TRUE","TRUE","Li, Yang; Wang, Zhaojun; Zou, Changliang","2016","A simpler spatial-sign-based two-sample test for high-dimensional data","article","doi:10.1016/j.jmva.2016.04.004","stable_identifier","LITERATURE_AUDIT","MTR-029","method_primary",""
"LiYang2011ConditionalFactor","4","3","TRUE","TRUE","Li, Yan; Yang, Liyan","2011","Testing conditional factor models: A nonparametric approach","article","doi:10.1016/j.jempfin.2011.07.004","stable_identifier","PRIMARY_METHOD_VERIFICATION","MTR-060","method_primary",""
"LiLamYaoYao2019WhiteNoise","4","1","TRUE","TRUE","Li, Zeng; Lam, Clifford; Yao, Jianfeng; Yao, Qiwei","2019","On testing for high-dimensional white noise","article","","book_metadata_only","references.bib+main.bbl","","background_or_review",""
"LiuFengMa2023HeavyAlpha","4","5","TRUE","TRUE","Liu, Binghui; Feng, Long; Ma, Yanyuan","2023","High-dimensional alpha test of linear factor pricing models with heavy-tailed distributions","article","doi:10.5705/ss.202021.0134","stable_identifier","LITERATURE_AUDIT","MTR-054","method_primary",""
"LiuWangZhao2014EC2","3","2","TRUE","TRUE","Liu, Han; Wang, Lie; Zhao, Tuo","2014","Sparse covariance matrix estimation with eigenvalue constraints","article","doi:10.1080/10618600.2013.782818","stable_identifier","LITERATURE_AUDIT","MTR-042","method_primary",""
"LiuFengPengWang2025SpatialSignCP","4","3","TRUE","TRUE","Liu, Jixuan; Feng, Long; Peng, Liuhua; Wang, Zhaojun","2025","Spatial-sign based high dimensional change point inference","article","arXiv:2504.19306","stable_identifier","LITERATURE_AUDIT","MTR-061","method_primary",""
"LiuFengZhaoWang2025MaxsumLocation","2","4","TRUE","TRUE","Liu, Jixuan; Feng, Long; Zhao, Ping; Wang, Zhaojun","2025","Spatial-sign based maxsum test for high dimensional location parameters","article","doi:10.5705/ss.202024.0051","stable_identifier","LITERATURE_AUDIT","MTR-026","method_primary",""
"LiuLuZhouFengWang2025TensorEGM","3","2","TRUE","TRUE","Liu, Jixuan; Lu, Zhengke; Zhou, Le; Feng, Long; Wang, Zhaojun","2025","Tensor elliptical graphic model","article","arXiv:2508.00333","stable_identifier","LITERATURE_AUDIT","MTR-050","method_primary",""
"LiuLuo2015SCIO","3","2","TRUE","TRUE","Liu, Weidong; Luo, Xi","2015","Fast and adaptive sparse precision matrix estimation in high dimensions","article","doi:10.1016/j.jmva.2014.11.005","stable_identifier","LITERATURE_AUDIT","MTR-045","method_primary",""
"LiuXie2020Cauchy","2","1","TRUE","TRUE","Liu, Yuwang; Xie, Jun","2020","Cauchy combination test: A powerful test with analytic $p$-value calculation under arbitrary dependency structures","article","","book_metadata_only","references.bib+main.bbl","","background_or_review",""
"LiuZhaoFengWang2025StructuredCorr","2","3","TRUE","TRUE","Liu, Yanhong; Zhao, Ping; Feng, Long; Wang, Zhaojun","2025","An adaptive approach for testing high-dimensional location parameters with structured correlations","article","doi:10.1007/s42952-025-00305-7","stable_identifier","LITERATURE_AUDIT","MTR-033","method_primary",""
"LjungBox1978","4","2","TRUE","TRUE","Ljung, Greta M.; Box, George E. P.","1978","On a measure of lack of fit in time series models","article","doi:10.1093/biomet/65.2.297","stable_identifier","PRIMARY_METHOD_VERIFICATION","MTR-062","method_primary",""
"LuFeng2025Precision","3;5;6","4","TRUE","TRUE","Lu, Zhengke; Feng, Long","2025","Robust sparse precision matrix estimation and its application","article","arXiv:2503.03575","stable_identifier","LITERATURE_AUDIT","MTR-049;MTR-070","method_primary",""
"MaFengWang2025DependentAlpha","4","2","TRUE","TRUE","Ma, Huifang; Feng, Long; Wang, Zhaojun","2025","Testing alpha in linear factor pricing models with dependent observations","article","arXiv:2401.14052","stable_identifier","LITERATURE_AUDIT","","background_or_review","Public-version author/title metadata differs from references.bib; see LITERATURE_AUDIT.md."
"MaFengWang2026TimeVaryingAlpha","4","2","TRUE","TRUE","Ma, Huifang; Feng, Long; Wang, Zhaojun","2026","Testing alpha in high-dimensional conditional time-varying factor models with dependent observations","unpublished","arXiv:2604.13772","stable_identifier","external_verified_2026-08-15","","background_or_review",""
"MaFengWangBao2024ConditionalAlpha","4","2","TRUE","TRUE","Ma, Huifang; Feng, Long; Wang, Zhaojun; Bao, Jigang","2024","Adaptive testing for alphas in conditional factor models with high dimensional assets","article","doi:10.1080/07350015.2024.2313543","stable_identifier","PRIMARY_METHOD_VERIFICATION","MTR-059","method_primary","Independent verification: older arXiv display omitted Bao; publisher confirms four authors"
"MaLanSuTsai2020ConditionalHDA","4","3","TRUE","TRUE","Ma, Shujie; Lan, Wei; Su, Liangjun; Tsai, Chih-Ling","2020","Testing alphas in conditional time-varying factor models with high-dimensional assets","article","doi:10.1080/07350015.2018.1482758","stable_identifier","PRIMARY_METHOD_VERIFICATION","MTR-059","method_primary","Independent verification: online-first 2018; canonical issue year 2020"
"MacQueen1967","7","2","TRUE","TRUE","MacQueen, James B.","1967","Some methods for classification and analysis of multivariate observations","inproceedings","url:https://projecteuclid.org/ebooks/berkeley-symposium-on-mathematical-statistics-and-probability/Some-methods-for-classification-and-analysis-of-multivariate-observations/chapter/Some-methods-for-classification-and-analysis-of-multivariate-observations/bsmsp/1200512992","stable_identifier","PRIMARY_METHOD_VERIFICATION","MTR-080","method_primary","Independent verification: symposium held 1965-1966; publication year 1967"
"MagyarTyler2011","2;3","2","TRUE","TRUE","Magyar, A. F.; Tyler, David E.","2011","The asymptotic efficiency of the spatial median for elliptically symmetric distributions","article","","book_metadata_only","references.bib+main.bbl","","background_or_review",""
"MaiZouYuan2012","5","3","TRUE","TRUE","Mai, Qing; Zou, Hui; Yuan, Ming","2012","A direct approach to sparse discriminant analysis in ultra-high dimensions","article","doi:10.1093/biomet/asr066","stable_identifier","PRIMARY_METHOD_VERIFICATION","MTR-069","method_primary",""
"Mauchly1940","3","1","TRUE","TRUE","Mauchly, John W.","1940","Significance test for sphericity of a normal $n$-variate distribution","article","doi:10.1214/aoms/1177731915","stable_identifier","PRIMARY_METHOD_VERIFICATION","MTR-040","method_primary",""
"MinMaiZhang2022TensorGraph","3","2","TRUE","TRUE","Min, Kean Ming; Mai, Qing; Zhang, Xin","2022","Fast and separable estimation in high-dimensional tensor gaussian graphical models","article","","book_metadata_only","references.bib+main.bbl","","background_or_review",""
"MottonenOja1995","2","3","TRUE","TRUE","M""ott""onen, Jyrki; Oja, Hannu","1995","Multivariate spatial sign and rank methods","article","doi:10.1080/10485259508832643","stable_identifier","PRIMARY_METHOD_VERIFICATION","MTR-012","method_primary","Independent verification: online 2007 is a later digitization timestamp; canonical volume year 1995"
"Muirhead1982","6","2","TRUE","TRUE","Muirhead, Robb J.","1982","Aspects of multivariate statistical theory","book","","book_metadata_only","references.bib+main.bbl","","background_or_review",""
"MuirheadWaternaux1980","3","1","TRUE","TRUE","Muirhead, Robb J.; Waternaux, Christine M.","1980","Asymptotic distributions in canonical correlation analysis and other multivariate procedures for nonnormal populations","article","","book_metadata_only","references.bib+main.bbl","","background_or_review",""
"Nadler2008","6","2","TRUE","TRUE","Nadler, Boaz","2008","Finite sample approximation results for principal component analysis: A matrix perturbation approach","article","","book_metadata_only","references.bib+main.bbl","","background_or_review",""
"Nagao1973","3","1","TRUE","TRUE","Nagao, Hisao","1973","On some test criteria for covariance matrix","article","doi:10.1214/aos/1176342464","stable_identifier","PRIMARY_METHOD_VERIFICATION","MTR-040","method_primary",""
"Oja2010","1;2;3;6","9","TRUE","TRUE","Oja, Hannu","2010","Multivariate nonparametric methods with R: An approach based on spatial signs and ranks","book","doi:10.1007/978-1-4419-0468-3","stable_identifier","LITERATURE_AUDIT","MTR-001;MTR-002;MTR-003;MTR-012","method_primary",""
"OllilaRaninen2019Shrinkage","3","3","TRUE","TRUE","Ollila, Esa; Raninen, Elias","2019","Optimal shrinkage covariance matrix estimation under random sampling from elliptical distributions","article","doi:10.1109/TSP.2019.2908144","stable_identifier","PRIMARY_METHOD_VERIFICATION","MTR-051","method_primary","Independent verification: MAJOR: package documentation used wrong DOI 10.1109/TSP.2019.2906691; official DOI is 10.1109/TSP.2019.2908144"
"Page1954CUSUM","4","2","TRUE","TRUE","Page, E. S.","1954","Continuous inspection schemes","article","","book_metadata_only","references.bib+main.bbl","","background_or_review",""
"PaindaveineVerdebout2016HDSign","4","2","TRUE","TRUE","Paindaveine, Davy; Verdebout, Thomas","2016","On high-dimensional sign tests","article","","book_metadata_only","references.bib+main.bbl","","background_or_review",""
"PanShen2007","7","1","TRUE","TRUE","Pan, Wei; Shen, Xiaotong","2007","Penalized model-based clustering with application to variable selection","article","","book_metadata_only","references.bib+main.bbl","","background_or_review",""
"ParkAyyala2013","2","2","TRUE","TRUE","Park, Jeongyoun; Ayyala, Daya N.","2013","A test for the mean vector in large dimension and small samples","article","doi:10.1016/j.jspi.2012.11.001","stable_identifier","PRIMARY_METHOD_VERIFICATION","MTR-014","method_primary","Independent verification: book metadata records Jeongyoun Park and Daya N. Ayyala; official metadata gives Junyong Park and Deepak Nag Ayyala"
"Paul2007","6","2","TRUE","TRUE","Paul, Debashis","2007","Asymptotics of sample eigenstructure for a large dimensional spiked covariance model","article","","book_metadata_only","references.bib+main.bbl","","background_or_review",""
"PeelMcLachlan2000","7","1","TRUE","TRUE","Peel, David; McLachlan, Geoffrey J.","2000","Robust mixture modelling using the $t$ distribution","article","","book_metadata_only","references.bib+main.bbl","","background_or_review",""
"Pesaran2004CD","4","2","TRUE","TRUE","Pesaran, M. Hashem","2004","General diagnostic tests for cross section dependence in panels","article","url:https://docs.iza.org/dp1240.pdf","stable_identifier","PRIMARY_METHOD_VERIFICATION","MTR-063","method_primary","Independent verification: cited source is the 2004 working paper; a distinct journal version appeared in 2021"
"PesaranYamagata2023AlphaLargeN","4","2","TRUE","TRUE","Pesaran, M. Hashem; Yamagata, Takashi","2024","Testing for alpha in linear factor pricing models with a large number of securities","article","doi:10.1093/jjfinec/nbad002","stable_identifier","PRIMARY_METHOD_VERIFICATION","MTR-054","method_primary","Independent verification: online 2023; canonical Volume 22 issue year 2024; citation key retains 2023"
"QianLiuFeng2025SparseCCA","6","3","TRUE","TRUE","Qian, Chengde; Liu, Yanhong; Feng, Long","2025","High dimensional sparse canonical correlation analysis for elliptical symmetric distributions","article","arXiv:2504.13018","stable_identifier","LITERATURE_AUDIT","MTR-079","method_primary",""
"RafteryDean2006","7","1","TRUE","TRUE","Raftery, Adrian E.; Dean, Nema","2006","Variable selection for model-based clustering","article","","book_metadata_only","references.bib+main.bbl","","background_or_review",""
"Randles2000","2","2","TRUE","TRUE","Randles, Ronald H.","2000","A simpler, affine invariant, multivariate, distribution-free sign test","article","","book_metadata_only","references.bib+main.bbl","","background_or_review",""
"RaninenOllila2022BASIC","3","3","TRUE","TRUE","Raninen, Elias; Ollila, Esa","2022","Bias adjusted sign covariance matrix","article","doi:10.1109/LSP.2021.3134940","stable_identifier","PRIMARY_METHOD_VERIFICATION","MTR-051","method_primary","Independent verification: early online 2021; canonical volume year 2022"
"RaninenTylerOllila2022LinearPooling","3","3","TRUE","TRUE","Raninen, Elias; Tyler, David E.; Ollila, Esa","2022","Linear pooling of sample covariance matrices","article","doi:10.1109/TSP.2021.3139207","stable_identifier","PRIMARY_METHOD_VERIFICATION","MTR-051","method_primary","Independent verification: early online 2021; canonical volume year 2022"
"RavikumarWainwrightRaskuttiYu2011","3","2","TRUE","TRUE","Ravikumar, Pradeep; Wainwright, Martin J.; Raskutti, Garvesh; Yu, Bin","2011","High-dimensional covariance estimation by minimizing $\ell_1$-penalized log-determinant divergence","article","","book_metadata_only","references.bib+main.bbl","","background_or_review",""
"RaymaekersRousseeuw2019","6","3","TRUE","TRUE","Raymaekers, Jakob; Rousseeuw, Peter J.","2019","A generalized spatial sign covariance matrix","article","doi:10.1016/j.jmva.2018.11.010","stable_identifier","PRIMARY_METHOD_VERIFICATION","MTR-077","method_primary","Independent verification: foundation for MTR-077; direct GSPCA primary is Leyder et al. 2024"
"RaymaekersZamar2022","7","2","TRUE","TRUE","Raymaekers, Jakob; Zamar, Ruben H.","2022","Regularized $K$-means through hard-thresholding","article","","book_metadata_only","references.bib+main.bbl","","background_or_review",""
"RothmanLevinaZhu2009","3","2","TRUE","TRUE","Rothman, Adam J.; Levina, Elizaveta; Zhu, Ji","2009","Generalized thresholding of large covariance matrices","article","doi:10.1198/jasa.2009.0101","stable_identifier","PRIMARY_METHOD_VERIFICATION","MTR-041","method_primary","Independent verification: platform timestamp is later than canonical 2009 volume year"
"ShaoWangDengWang2011","5","3","TRUE","TRUE","Shao, Jun; Wang, Yazhen; Deng, Xinwei; Wang, Sijian","2011","Sparse linear discriminant analysis by thresholding for high dimensional data","article","doi:10.1214/10-AOS870","stable_identifier","PRIMARY_METHOD_VERIFICATION","MTR-069","method_primary",""
"ShenFeng2025SSQDA","5","1","TRUE","TRUE","Shen, Anqing; Feng, Long","2025","A spatial-sign based direct approach for high dimensional sparse quadratic discriminant analysis","article","arXiv:2504.11187","stable_identifier","LITERATURE_AUDIT","MTR-071","method_primary",""
"SongWenFeng2026ERHTCP","4","2","TRUE","TRUE","Song, Fengyi; Wen, Mengtao; Feng, Long","2026","Elliptical regularized hotelling tests for high-dimensional change-point detection","article","arXiv:2607.22162","stable_identifier","LITERATURE_AUDIT","MTR-061","method_primary",""
"Srivastava2009","2","1","TRUE","TRUE","Srivastava, Muni S.","2009","A test for the mean vector with fewer observations than the dimension under non-normality","article","","book_metadata_only","references.bib+main.bbl","","background_or_review",""
"SrivastavaDu2008","2","2","TRUE","TRUE","Srivastava, Muni S.; Du, Meng","2008","A test for the mean vector with fewer observations than the dimension","article","doi:10.1016/j.jmva.2006.11.002","stable_identifier","PRIMARY_METHOD_VERIFICATION","MTR-013","method_primary","Independent verification: distinct from the 2009 single-author non-normality paper"
"SrivastavaKatayamaKano2013","2","3","TRUE","TRUE","Srivastava, Muni S.; Katayama, Sachiko; Kano, Yasunori","2013","A two sample test in high dimensional data","article","doi:10.1016/j.jmva.2012.08.014","stable_identifier","LITERATURE_AUDIT","MTR-017","method_primary",""
"SunZhang2012ScaledLasso","3","2","TRUE","TRUE","Sun, Tingni; Zhang, Cun-Hui","2012","Sparse matrix inversion with scaled lasso","article","arXiv:1202.2723","stable_identifier","LITERATURE_AUDIT","MTR-045","method_primary",""
"SunWangFang2012","7","2","TRUE","TRUE","Sun, Wei; Wang, Junhui; Fang, Yixin","2012","Regularized $K$-means clustering of high-dimensional data and its asymptotic consistency","article","","book_metadata_only","references.bib+main.bbl","","background_or_review",""
"SunWangLiuCheng2015TensorGraph","3","2","TRUE","TRUE","Sun, Will Wei; Wang, Zhaoran; Liu, Han; Cheng, Guang","2015","Non-convex statistical optimization for sparse tensor graphical model","inproceedings","","book_metadata_only","references.bib+main.bbl","","background_or_review",""
"TaskinenKankainenOja2012","1;3;6","5","TRUE","TRUE","Taskinen, Sara; Koch, Inge; Oja, Hannu","2012","Robustifying principal component analysis with spatial sign vectors","article","doi:10.1016/j.spl.2012.01.001","stable_identifier","LITERATURE_AUDIT","MTR-077","method_primary",""
"Tropp2012","6;Appendix-P","2","TRUE","TRUE","Tropp, Joel A.","2012","User-friendly tail bounds for sums of random matrices","article","","book_metadata_only","references.bib+main.bbl","","background_or_review",""
"Tyler1987","1;7","5","TRUE","TRUE","Tyler, David E.","1987","A distribution-free M-estimator of multivariate scatter","article","doi:10.1214/aos/1176350263","stable_identifier","LITERATURE_AUDIT","MTR-007;MTR-008","method_primary",""
"VisuriOjaKoivunen2000","1","2","TRUE","TRUE","Visuri, Samuli; Koivunen, Visa; Oja, Hannu","2000","Sign and rank covariance matrices","article","doi:10.1016/S0378-3758(00)00199-3","stable_identifier","PRIMARY_METHOD_VERIFICATION","MTR-004;MTR-006","method_primary",""
"VuLei2012","6","2","TRUE","TRUE","Vu, Vincent Q.; Lei, Jing","2013","Minimax sparse principal subspace estimation in high dimensions","article","","book_metadata_only","references.bib+main.bbl","","background_or_review",""
"Wakaki1994","5","2","TRUE","TRUE","Wakaki, Hirofumi","1994","Discriminant analysis under elliptical populations","article","","book_metadata_only","references.bib+main.bbl","","background_or_review",""
"WangFeng2023JRSSBChangePoint","4","3","TRUE","TRUE","Wang, Guanghui; Feng, Long","2023","Computationally efficient and data-adaptive change point inference in high dimensions","article","doi:10.1093/jrsssb/qkad048","stable_identifier","LITERATURE_AUDIT","MTR-061","method_primary",""
"WangLiuFeng2026VectorIndep","4","3","TRUE","TRUE","Wang, Hongfei; Liu, Binghui; Feng, Long","2026","Testing independence between high-dimensional random vectors using rank-based max-sum tests","article","doi:10.1111/sjos.70063","stable_identifier","LITERATURE_AUDIT","MTR-064;MTR-065","method_primary",""
"WangLiuFengMa2024FisherPanel","4","3","TRUE","TRUE","Wang, Hongfei; Liu, Binghui; Feng, Long; Ma, Yanyuan","2024","Fisher’s combined probability test for cross-sectional independence in panel data model with serial correlation","article","doi:10.5705/ss.202023.0348","stable_identifier","LITERATURE_AUDIT","MTR-063","method_primary",""
"WangLiuFengMa2024MutualIndep","4","4","TRUE","TRUE","Wang, Hongfei; Liu, Binghui; Feng, Long; Ma, Yanyuan","2024","Rank-based max-sum tests for mutual independence of high-dimensional random vectors","article","doi:10.1016/j.jeconom.2023.105578","stable_identifier","LITERATURE_AUDIT","MTR-066","method_primary",""
"WangZhaoFengWang2025MutualFundFDR","4","2","TRUE","TRUE","Wang, Hongfei; Zhao, Ping; Feng, Long; Wang, Zhaojun","2025","Robust mutual fund selection with false discovery rate control","article","doi:10.1016/j.jeconom.2025.106121","stable_identifier","PRIMARY_METHOD_VERIFICATION","MTR-058","method_primary","Independent verification: publisher order is Wang, Zhao, Feng, Wang; arXiv v1 used Wang, Feng, Zhao, Wang; corrigendum confirms publisher order"
"WangPengLi2015","2","4","TRUE","TRUE","Wang, Lan; Peng, Bo; Li, Runze","2015","A high-dimensional nonparametric multivariate test for mean vector","article","doi:10.1080/01621459.2014.988215","stable_identifier","LITERATURE_AUDIT","MTR-023","method_primary",""
"WangYao2013","3","3","TRUE","TRUE","Wang, Qinwen; Yao, Jianfeng","2013","On the sphericity test with large-dimensional observations","article","doi:10.1214/13-EJS842","stable_identifier","PRIMARY_METHOD_VERIFICATION","MTR-046","method_primary",""
"WangXu2022","2","5","TRUE","TRUE","Wang, Rui; Xu, Wangli","2022","An approximate randomization test for the high-dimensional two-sample behrens–fisher problem under arbitrary covariances","article","doi:10.1093/biomet/asac014","stable_identifier","PRIMARY_METHOD_VERIFICATION","MTR-036","method_primary",""
"WangLiuFeng2025TemporalCP","4","2","TRUE","TRUE","Wang, Xiaoyi; Liu, Jixuan; Feng, Long","2025","Adaptive change point inference for high dimensional time series with temporal dependence","article","arXiv:2511.01487","stable_identifier","LITERATURE_AUDIT","","background_or_review",""
"WangWangFeng2026GSPCA","6","4","TRUE","TRUE","Wang, Yanqi; Wang, Hongfei; Feng, Long","2026","Robust principal component analysis for high dimensional data via generalized spatial-sign","unpublished","","no_stable_identifier","book_formula_source","","background_or_review","Book-attributed source unavailable: no local manuscript, DOI, arXiv record, publisher page, or independently auditable public source was found as of 2026-08-15."
"WittenTibshirani2009","5","3","TRUE","TRUE","Witten, Daniela M.; Tibshirani, Robert","2009","Covariance-regularized regression and classification for high-dimensional problems","article","","book_metadata_only","references.bib+main.bbl","","background_or_review",""
"WittenTibshirani2010Clustering","7","2","TRUE","TRUE","Witten, Daniela M.; Tibshirani, Robert","2010","A framework for feature selection in clustering","article","doi:10.1198/jasa.2010.tm09415","stable_identifier","LITERATURE_AUDIT","MTR-081","method_primary",""
"WittenTibshiraniHastie2009","6","4","TRUE","TRUE","Witten, Daniela M.; Tibshirani, Robert; Hastie, Trevor","2009","A penalized matrix decomposition, with applications to sparse principal components and canonical correlation analysis","article","doi:10.1093/biostatistics/kxp008","stable_identifier","PRIMARY_METHOD_VERIFICATION","MTR-078","method_primary",""
"XuLinWeiPan2016","2","4","TRUE","TRUE","Xu, Gongjun; Lin, Lifeng; Wei, Peng; Pan, Wei","2016","An adaptive two-sample test for high-dimensional means","article","doi:10.1093/biomet/asw029","stable_identifier","PRIMARY_METHOD_VERIFICATION","MTR-021","method_primary","Independent verification: OUP page may show 2017; canonical volume year 2016"
"XuMaWangFeng2026EllipticalFactor","3;6;7","4","TRUE","TRUE","Xu, Xinyue; Ma, Huifang; Wang, Hongfei; Feng, Long","2025","High dimensional matrix estimation through elliptical factor models","article","arXiv:2512.19325","stable_identifier","LITERATURE_AUDIT","MTR-053;MTR-075","method_primary","Citation-key year is 2026; references.bib year is 2025."
"YanFengZhang2025HR","1;3;5","6","TRUE","TRUE","Yan, Guowei; Feng, Long; Zhang, Xiaoxu","2025","High-dimensional hettmansperger–randles estimator and its applications","article","arXiv:2505.01669","stable_identifier","LITERATURE_AUDIT","MTR-052;MTR-072","method_primary",""
"YanFengZhang2025InverseNormMaxsum","2","3","TRUE","TRUE","Yan, Guowei; Zhao, Ping; Feng, Long","2025","Inverse norm weighted maxsum test for high dimensional location parameters","article","arXiv:2501.14168","stable_identifier","LITERATURE_AUDIT","MTR-022;MTR-027","method_primary","Citation key says Zhang; CSL authors are Yan, Zhao, and Feng."
"YuFengZhu2025FunctionalCP","4","2","TRUE","TRUE","Yu, Luoyao; Feng, Long; Zhu, Xuehu","2025","Functional change point detection via adjacent deviation subspace","article","arXiv:2506.15143","stable_identifier","LITERATURE_AUDIT","","background_or_review",""
"YuanLin2007","3","2","TRUE","TRUE","Yuan, Ming; Lin, Yi","2007","Model selection and estimation in the gaussian graphical model","article","doi:10.1093/biomet/asm018","stable_identifier","LITERATURE_AUDIT","MTR-043","method_primary",""
"ZhangFeng2026RadialDirectional","4","2","TRUE","TRUE","Zhang, Haoran; Feng, Long","2026","High-dimensional tests for elliptical models via radial–directional dependence","article","arXiv:2605.03592","stable_identifier","LITERATURE_AUDIT","MTR-067","method_primary",""
"ZhangZhouGuo2022","2","4","TRUE","TRUE","Zhang, Jin-Ting; Zhou, Bu; Guo, Jia","2022","Testing high-dimensional mean vector with applications","article","doi:10.1007/s00362-021-01270-z","stable_identifier","PRIMARY_METHOD_VERIFICATION","MTR-034","method_primary","Independent verification: online 2021; canonical issue year 2022"
"ZhangZhuZhang2023","2","5","TRUE","TRUE","Zhang, Liang; Zhu, Tianming; Zhang, Jin-Ting","2023","Two-sample behrens–fisher problems for high-dimensional data: A normal reference scale-invariant test","article","doi:10.1080/02664763.2020.1834516","stable_identifier","PRIMARY_METHOD_VERIFICATION","MTR-035","method_primary","Independent verification: first online 2020; canonical Volume 50 issue year 2023"
"ZhangFeng2024AdaptiveMean","2","3","TRUE","TRUE","Zhang, Yu; Feng, Long","2024","Adaptive rank-based tests for high dimensional mean problems","article","doi:10.1016/j.spl.2024.110226","stable_identifier","LITERATURE_AUDIT","MTR-032","method_primary",""
"Zhao2023ConditionalAlpha","4","3","TRUE","TRUE","Zhao, Ping","2023","Robust high-dimensional alpha test for conditional time-varying factor models","article","doi:10.1080/02331888.2023.2180003","stable_identifier","PRIMARY_METHOD_VERIFICATION","MTR-059","method_primary",""
"ZhaoChenWang2024SpatialSignWN","4","3","TRUE","TRUE","Zhao, Ping; Chen, Dachuan; Wang, Zhaojun","2024","Spatial-sign-based high-dimensional white noises test","article","doi:10.1080/24754269.2024.2363715","stable_identifier","PRIMARY_METHOD_VERIFICATION","MTR-062","method_primary",""
"ZhaoChenZi2022INSTAlpha","4","2","TRUE","TRUE","Zhao, Ping; Chen, Dachuan; Zi, Xuemin","2022","High-dimensional non-parametric tests for linear asset pricing models","article","doi:10.1002/sta4.490","stable_identifier","LITERATURE_AUDIT","MTR-055;MTR-056","method_primary",""
"ZhaoFeng2026NoteOneSample","2","4","TRUE","TRUE","Zhao, Ping; Feng, Long","2026","Note on high dimensional spatial-sign test for one sample problem","article","arXiv:2601.08736","stable_identifier","LITERATURE_AUDIT","MTR-038","method_primary",""
"ZhaoFengWangWang2024RobustAlpha","4","2","TRUE","TRUE","Zhao, Ping; Feng, Long; Wang, Hongfei; Wang, Zhaojun","2024","Robust high dimensional alpha test for linear factor pricing model","article","doi:10.1111/obes.70080","stable_identifier","LITERATURE_AUDIT","MTR-054","method_primary",""
"ZhaoMaFeng2026LqAlpha","4","2","TRUE","TRUE","Zhao, Ping; Ma, Huifang; Feng, Long","2026","High dimensional alpha test for linear factor pricing model with $L_q$-norm","article","arXiv:2603.29764","stable_identifier","LITERATURE_AUDIT","","background_or_review",""
"ZhaoWang2024ConditionalMaxAlpha","4","2","TRUE","TRUE","Zhao, Ping; Wang, Hongfei","2024","Robust spatial-sign-based testing of high-dimensional alpha in conditional factor models","unpublished","arXiv:2604.12252","stable_identifier","external_verified_2026-08-15","","background_or_review","Key and references.bib record year are 2024; the public arXiv paper is 2026."
"ZhaoWangFeng2025SSPCA","2;5","4","TRUE","TRUE","Zhao, Ping; Wang, Hongfei; Feng, Long","2024","Spatial sign based principal component analysis for high dimensional data","article","arXiv:2409.13267","stable_identifier","references.bib","","background_or_review","Duplicate bibliography record for arXiv:2409.13267; BibTeX year is 2024."
"ZhaoWangFeng2026SPCA","6","4","TRUE","TRUE","Zhao, Ping; Wang, Hongfei; Feng, Long","2024","Spatial sign based principal component analysis for high dimensional data","article","arXiv:2409.13267","stable_identifier","LITERATURE_AUDIT","MTR-078","method_primary","Duplicate bibliography record for arXiv:2409.13267; BibTeX year is 2024."
"ZhaoYangZhangFengWang2026AdaptiveSphericity","3","1","TRUE","TRUE","Zhao, Ping; Yang, Wenwan; Zhang, Xiaoxu; Feng, Long; Wang, Zhaojun","2026","Adaptive sphericity tests for high dimensional data","article","doi:10.1016/j.jmva.2026.105634","stable_identifier","LITERATURE_AUDIT","MTR-047","method_primary",""
"ZhaoZhuangFeng2026SparseKSM","7","2","TRUE","TRUE","Zhao, Ping; Zhuang, Dan; Feng, Long","2026","Sparse $K$-spatial-median clustering for high-dimensional data","article","arXiv:2605.00598","stable_identifier","LITERATURE_AUDIT","MTR-084;MTR-085;MTR-086","method_primary",""
"ZhuangFeng2025SSLDA","5","1","TRUE","TRUE","Zhuang, Dan; Feng, Long","2025","Spatial sign based direct sparse linear discriminant analysis for high dimensional data","article","arXiv:2504.11117","stable_identifier","LITERATURE_AUDIT","MTR-070","method_primary",""
"ZouPengFengWang2014Sphericity","3","3","TRUE","TRUE","Zou, Changliang; Peng, Liuhua; Feng, Long; Wang, Zhaojun","2014","Multivariate-signs based high-dimensional tests for sphericity","article","doi:10.1093/biomet/ast040","stable_identifier","LITERATURE_AUDIT","MTR-047","method_primary",""
