chapter,book_range,method,status,primary_keys,public_apis,native_kernels,test_files,rd_topics,notes
"1","ch1_foundations.tex:499-542","Spatial sign","implemented","Oja2010","spatial_sign","cpp_spatial_sign","tests/testthat/test-chapter1-foundations.R","spatial_sign","U(0) and positive-scale invariance are fixed by tests."
"1","ch1_foundations.tex:547-590","Spatial median","implemented","Oja2010","spatial_median","cpp_spatial_median","tests/testthat/test-chapter1-foundations.R","spatial_median","Weiszfeld-type fixed point with explicit coincident-point handling."
"1","ch1_foundations.tex:592-624","Empirical spatial rank","implemented","Oja2010","spatial_rank","cpp_spatial_rank","tests/testthat/test-chapter1-foundations.R","spatial_rank","All-pairs rank definition is checked directly."
"1","ch1_foundations.tex:629-703","Spatial sign covariance matrix","implemented","VisuriOjaKoivunen2000","sscm","cpp_spatial_sign","tests/testthat/test-chapter1-foundations.R","sscm","Unit-trace statement retains the zero-direction boundary."
"1","ch1_foundations.tex:706-778","Multivariate spatial Kendall matrix","implemented","HanLiu2018ECA;FanLiuWang2018","spatial_kendall","cpp_spatial_kendall","tests/testthat/test-chapter1-foundations.R","spatial_kendall","Exact pairwise U-statistic and tie boundary."
"1","ch1_foundations.tex:781-793","Spatial rank covariance","implemented","VisuriOjaKoivunen2000","spatial_rank_covariance","cpp_spatial_rank","tests/testthat/test-chapter1-foundations.R","spatial_rank_covariance","Rank outer product is checked against a direct reference."
"1","ch1_foundations.tex:804-1055","Tyler shape","implemented","Tyler1987","tyler_shape","cpp_tyler_shape","tests/testthat/test-chapter1-foundations.R","tyler_shape","Trace normalization and fixed-point certificate; no hidden ridge."
"1","ch1_foundations.tex:948-1017","Angular central Gaussian likelihood","implemented","Tyler1987","acg_loglik","cpp_acg_loglik","tests/testthat/test-chapter1-foundations.R","acg_loglik","Direction and shape-scale invariance."
"1","ch1_foundations.tex:1058-1242","Hettmansperger-Randles estimator","implemented","HettmanspergerRandles2002","hr_estimator","cpp_hr_estimator","tests/testthat/test-chapter1-foundations.R","hr_estimator","Joint location-shape equations and trace normalization."
"1","ch1_foundations.tex:74-214","Elliptical and spherical simulation","implemented","BOOK_ONLY","relliptical;rspherical;normalize_shape","PURE_R","tests/testthat/test-chapter1-foundations.R","relliptical;rspherical;normalize_shape","Book stochastic representation; no paper simulation design is shipped."
"2","ch2_location.tex:146-168;ch2_location.tex:197-231","One- and two-sample Hotelling tests","implemented","Hotelling1931","hotelling_one_sample_test;hotelling_two_sample_test","cpp_hotelling_one_sample;cpp_hotelling_two_sample","tests/testthat/test-chapter2-hotelling.R","hotelling_one_sample_test;hotelling_two_sample_test","Exact F calibrations and strict rank checks."
"2","ch2_location.tex:315-393","Classical spatial sign and rank location tests","implemented","MottonenOja1995;Oja2010","spatial_sign_test;spatial_signed_rank_test;spatial_rank_test","cpp_spatial_sign_test;cpp_spatial_signed_rank_test;cpp_spatial_rank_test","tests/testthat/test-chapter2-classical-rank.R","spatial_sign_test;spatial_signed_rank_test;spatial_rank_test","Signed-rank statistic includes the Hoeffding one-quarter factor."
"2","ch2_location.tex:409-422","Srivastava-Du diagonal mean test","implemented","SrivastavaDu2008","srivastava_du_one_sample_test","cpp_srivastava_du_one_sample","tests/testthat/test-chapter2-quadratic-tests.R","srivastava_du_one_sample_test","Primal-dual identities and scale invariance."
"2","ch2_location.tex:423-442","Park-Ayyala leave-two-out mean test","implemented","ParkAyyala2013","park_ayyala_one_sample_test","cpp_park_ayyala_one_sample","tests/testthat/test-chapter2-leaveout-tests.R","park_ayyala_one_sample_test","Literal ordered-pair leave-two-out variance."
"2","ch2_location.tex:443-457","Bai-Saranadasa common-covariance test","implemented","BaiSaranadasa1996","bai_saranadasa_two_sample_test","cpp_bai_saranadasa_two_sample","tests/testthat/test-chapter2-quadratic-tests.R","bai_saranadasa_two_sample_test","Kept distinct from Chen-Qin."
"2","ch2_location.tex:458-519","Chen-Qin unequal-covariance test","implemented","ChenQin2010","chen_qin_two_sample_test","cpp_chen_qin_two_sample","tests/testthat/test-chapter2-leaveout-tests.R","chen_qin_two_sample_test","Direct U-statistic and leave-out variance."
"2","ch2_location.tex:520-627","Srivastava-Katayama-Kano test","implemented","SrivastavaKatayamaKano2013","srivastava_katayama_kano_two_sample_test","cpp_skk_two_sample","tests/testthat/test-chapter2-skk-test.R","srivastava_katayama_kano_two_sample_test","Primary and corrigendum scaling."
"2","ch2_location.tex:787-849","Cai-Liu-Xia precision-adjusted maximum test","implemented","CaiLiuXia2014;CaiLiu2011AdaptiveThreshold","cai_liu_xia_two_sample_test","cpp_clx_two_sample;cpp_clx_adaptive_precision","tests/testthat/test-chapter2-clx-test.R","cai_liu_xia_two_sample_test","Oracle and explicit feasible routes remain distinct."
"2","ch2_location.tex:628-777","Scale-invariant Behrens-Fisher test","implemented","FengZouWangZhu2015BF","feng_zou_wang_zhu_two_sample_test","cpp_fzwz_bf_two_sample","tests/testthat/test-chapter2-fzwz-bf.R","feng_zou_wang_zhu_two_sample_test","Corrected group-two bias and exact leave-out traces."
"2","ch2_location.tex:778-784","Composite T-squared test","implemented","FengZouWangZhu2017CT2","composite_t2_two_sample_test","cpp_composite_t2_two_sample","tests/testthat/test-chapter2-composite-bf.R","composite_t2_two_sample_test","Common-covariance block quadratic method."
"2","ch2_location.tex:855-925","Analytical adaptive sum-of-powers test","implemented","XuLinWeiPan2016","xu_lin_wei_pan_aspu_test","cpp_aspu_standardize;cpp_aspu_power_moments","tests/testthat/test-chapter2-aspu.R","xu_lin_wei_pan_aspu_test","Analytical Gaussian calibration; no paper bootstrap simulation."
"2","ch2_location.tex:1215-1415","Generic weighted HR location and oracle weighted-sign sum","implemented","FengLiuMa2021INST;YanFengZhang2025InverseNormMaxsum","generic_weighted_hr_location;oracle_weighted_sign_sum_test","cpp_ch2_generic_weighted_initial;cpp_ch2_generic_weighted_geometry;cpp_ch2_generic_weighted_step;cpp_ch2_generic_weighted_quadratic","tests/testthat/test-chapter2-generic-weighted.R","generic_weighted_hr_location;oracle_weighted_sign_sum_test","Arbitrary K is executable; testing calibration is oracle-only and requires supplied null_sd or supplied nu2 plus trace_R2."
"2","ch2_location.tex:1422-1550","Wang-Peng-Li spatial-sign test","implemented","WangPengLi2015","wang_peng_li_one_sample_test","cpp_wang_peng_li_one_sample","tests/testthat/test-chapter2-wpl-sign.R","wang_peng_li_one_sample_test","Literal primary leave-two-out variance and U(0)."
"2","ch2_location.tex:1551-1638","Feng-Sun scalar-invariant sign test","implemented","FengSun2016","feng_sun_one_sample_test","cpp_feng_sun_one_sample","tests/testthat/test-chapter2-feng-sun.R","feng_sun_one_sample_test","Pair-specific nuisance fits and feasible trace."
"2","ch2_location.tex:1639-1765","One-sample inverse-norm sign test","implemented","FengLiuMa2021INST","inst_one_sample_test","cpp_inst_one_sample","tests/testthat/test-chapter2-inst.R","inst_one_sample_test","Endpoint remains centered at the null and has no variance repair."
"2","ch2_location.tex:927-1324;ch2_location.tex:1766-1892;ch2_location.tex:1931-1993","Scaled spatial median and sign MAX/MAXSUM","implemented","LiuFengZhaoWang2025MaxsumLocation","scaled_spatial_median;spatial_sign_max_test;spatial_sign_maxsum_test","cpp_scaled_spatial_median","tests/testthat/test-chapter2-spatial-sign-maxsum.R","scaled_spatial_median;spatial_sign_max_test;spatial_sign_maxsum_test","Joint location-diagonal equations and stable Cauchy calibration."
"2","ch2_location.tex:927-1324;ch2_location.tex:1893-1996","Weighted scaled median and weighted MAX/MAXSUM","implemented","YanFengZhang2025InverseNormMaxsum","weighted_scaled_spatial_median;yan_zhao_feng_weighted_max_test;yan_zhao_feng_weighted_maxsum_test","cpp_weighted_scaled_spatial_median;cpp_yzf_weighted_max;cpp_yzf_weighted_maxsum","tests/testthat/test-chapter2-weighted-maxsum.R","weighted_scaled_spatial_median;yan_zhao_feng_weighted_max_test;yan_zhao_feng_weighted_maxsum_test","General-m estimating-equation update and direct feasible variance."
"2","ch2_location.tex:2003-2126","Two-sample multivariate-sign test","implemented","FengZouWang2016JASA","feng_zou_wang_two_sample_sign_test","cpp_feng_zou_wang_two_sample_sign","tests/testthat/test-chapter2-fzw-sign.R","feng_zou_wang_two_sample_sign_test","Correct bridge matrices and three trace terms."
"2","ch2_location.tex:2127-2241","Li-Wang-Zou two-sample sign test","implemented","LiWangZou2016SimpleTwoSample","li_wang_zou_two_sample_sign_test","cpp_li_wang_zou_two_sample_sign","tests/testthat/test-chapter2-lwz-sign.R","li_wang_zou_two_sample_sign_test","Exact sample-size factors in trace and variance."
"2","ch2_location.tex:2242-2351","High-dimensional two-sample spatial-rank test","implemented","FengZhangLiu2020SpatialRank","feng_zhang_liu_spatial_rank_test","cpp_feng_zhang_liu_spatial_rank","tests/testthat/test-chapter2-hd-spatial-rank.R","feng_zhang_liu_spatial_rank_test","Leave-out calibration and explicit scale identification."
"2","ch2_location.tex:2352-2411","Two-sample inverse-norm sign test","implemented","HuangLiuZhouFeng2023TwoSampleINST","tinst_two_sample_test","cpp_tinst_two_sample","tests/testthat/test-chapter2-tinst.R","tinst_two_sample_test","Observation-wise leave-one-out nuisance fits."
"2","ch2_location.tex:2412-2437","Adaptive rank max sum and Cauchy tests","implemented","ZhangFeng2024AdaptiveMean;https://doi.org/10.1016/j.csda.2022.107495","zhang_feng_rank_one_sample_test;zhang_feng_rank_two_sample_test","cpp_zhang_feng_one_sample_scores;cpp_zhang_feng_two_sample_scores;cpp_zhang_feng_parzen_tau","tests/testthat/test-chapter2-adaptive-rank.R","zhang_feng_rank_one_sample_test;zhang_feng_rank_two_sample_test","Long-run variance is supplied or explicitly Ouyang-Parzen calibrated."
"2","ch2_location.tex:2438-2451","Structured-correlation location combinations","source-blocked","LiuZhaoFengWang2025StructuredCorr","","","","","Review paragraph lacks executable statistic and legally accessible primary full text."
"2","ch2_location.tex:2593-2621","Normal-reference one-sample paired and linear-hypothesis tests","implemented","ZhangZhouGuo2022","zhang_zhou_guo_one_sample_test;zhang_zhou_guo_paired_test;zhang_zhou_guo_linear_hypothesis_test","cpp_zhang_zhou_guo_one_sample","tests/testthat/test-chapter2-normal-reference-one-sample.R","zhang_zhou_guo_one_sample_test;zhang_zhou_guo_paired_test;zhang_zhou_guo_linear_hypothesis_test","Centered U-statistic and three unbiased traces."
"2","ch2_location.tex:2622-2641","Normal-reference scale-invariant two-sample test","implemented","ZhangZhuZhang2023","zhang_zhu_zhang_two_sample_test","cpp_zhang_zhu_zhang_two_sample","tests/testthat/test-chapter2-normal-reference-scale.R","zhang_zhu_zhang_two_sample_test","Diagonal standardization and matched chi-square reference."
"2","ch2_location.tex:2642-2666","Approximate randomization Behrens-Fisher test","implemented","WangXu2022","wang_xu_approx_randomization_test","cpp_wang_xu_approx_randomization","tests/testthat/test-chapter2-wang-xu-randomization.R","wang_xu_approx_randomization_test","Adjacent half-differences and local Rademacher calibration."
"2","ch2_location.tex:2670-3083","Pairwise-difference-quantile sign test","implemented","FengWang2026PDQ","feng_wang_pdq_two_sample_test","cpp_feng_wang_pdq_two_sample","tests/testthat/test-chapter2-pdq-sign.R","feng_wang_pdq_two_sample_test","Paper critical rule and auxiliary finite-B p value are distinct."
"2","ch2_location.tex:3084-3206","Strong-correlation one-sample sign refinement","implemented","ZhaoFeng2026NoteOneSample","zhao_feng_strongcorr_sign_test","cpp_zhao_feng_strongcorr_sign_bootstrap","tests/testthat/test-chapter2-strongcorr-sign.R","zhao_feng_strongcorr_sign_test","General pair-sum identity retains zero signs."
"2","ch2_location.tex:3207-3741","Elliptical regularized Hotelling test","implemented","FengZhouWang2026ERHT","elliptical_regularized_hotelling_test;elliptical_regularized_hotelling_cauchy_test","cpp_erht_grid","tests/testthat/test-chapter2-erht.R","elliptical_regularized_hotelling_test;elliptical_regularized_hotelling_cauchy_test","Only formal feasible center and variance; no guessed Bartlett map."
"3","ch3_matrix.tex:228-405","Classical covariance likelihood and shape tests","implemented","Mauchly1940;John1971;Nagao1973;HallinPaindaveine2006","gaussian_covariance_lrt;mauchly_sphericity_test;john_sphericity_test;nagao_identity_test;hallin_paindaveine_shape_test;spatial_sign_sphericity_test","cpp_ch3_gaussian_sign_geometry;cpp_ch3_gaussian_rank_shape","tests/testthat/test-chapter3-gaussian-classical.R","gaussian_covariance_lrt;mauchly_sphericity_test;john_sphericity_test;nagao_identity_test;hallin_paindaveine_shape_test;spatial_sign_sphericity_test","Wishart degrees of freedom and finite-sample factors are primary-specific."
"3","ch3_matrix.tex:408-445;ch3_matrix.tex:535-549","Gaussian covariance thresholding and POET","implemented","BickelLevina2008Cov;RothmanLevinaZhu2009;CaiLiu2011AdaptiveThreshold;FanLiaoMincheva2013","bickel_levina_covariance_threshold;rothman_levina_zhu_covariance_threshold;cai_liu_adaptive_covariance_threshold;poet_covariance","cpp_ch3_gaussian_threshold_matrix;cpp_ch3_gaussian_product_variability","tests/testthat/test-chapter3-gaussian-estimators.R","bickel_levina_covariance_threshold;rothman_levina_zhu_covariance_threshold;cai_liu_adaptive_covariance_threshold;poet_covariance","EC2 and Gaussian precision programs are split into their own rows."
"3","ch3_matrix.tex:446-483","EC2 l1 covariance estimator","implemented","LiuWangZhao2014EC2","ec2_covariance","cpp_ch3gp_ec2_l1","tests/testthat/test-chapter3-gaussian-precision.R","ec2_covariance","Primary correlation-scale unit-diagonal program with tau constraint and full KKT certificate; adaptive and MC-plus variants remain review-only."
"3","ch3_matrix.tex:484-492","Gaussian off-diagonal graphical lasso","implemented","YuanLin2007;FriedmanHastieTibshirani2008","gaussian_graphical_lasso","cpp_ch3gp_offdiag_glasso","tests/testthat/test-chapter3-gaussian-precision.R","gaussian_graphical_lasso","Strict SPD descent and full diagonal/off-diagonal KKT certificate."
"3","ch3_matrix.tex:493-522","Gaussian CLIME precision estimator","implemented","CaiLiuLuo2011CLIME","clime_precision","cpp_ch3gp_clime","tests/testthat/test-chapter3-gaussian-precision.R","clime_precision","Raw columns are primal-dual certified; primary symmetrization is not falsely advertised as SPD."
"3","ch3_matrix.tex:523-534","SCIO and scaled-lasso precision reviews","review-only","LiuLuo2015SCIO;SunZhang2012ScaledLasso","","","","","Short review does not define the distinct solver and tuning contracts; no duplicate API is inferred."
"3","ch3_matrix.tex:550-690","High-dimensional Gaussian covariance tests","implemented","WangYao2013;ChenZhangZhong2010;FisherSunGallagher2010;LiChen2012","wang_yao_corrected_lrt;wang_yao_corrected_john_test;chen_zhang_zhong_covariance_test;fisher_sun_gallagher_sphericity_test;li_chen_covariance_test","cpp_ch3_gaussian_trace_u_statistics;cpp_ch3_gaussian_li_chen","tests/testthat/test-chapter3-gaussian-highdim.R","wang_yao_corrected_lrt;wang_yao_corrected_john_test;chen_zhang_zhong_covariance_test;fisher_sun_gallagher_sphericity_test;li_chen_covariance_test","Trace U-statistics and invalid-variance boundaries."
"3","ch3_matrix.tex:691-1059","Elliptical sign rank and adaptive sphericity","implemented","ZouPengFengWang2014Sphericity;FengLiu2017RankSphericity;ZhaoYangZhangFengWang2026AdaptiveSphericity","zou_peng_feng_wang_sphericity_test;feng_liu_rank_sphericity_test;zhao_yang_zhang_feng_wang_sign_max_test;zhao_yang_zhang_feng_wang_adaptive_sphericity_test","cpp_elliptical_sphericity_sign_core;cpp_elliptical_sphericity_rank_core","tests/testthat/test-chapter3-elliptical-sphericity.R","zou_peng_feng_wang_sphericity_test;feng_liu_rank_sphericity_test;zhao_yang_zhang_feng_wang_sign_max_test;zhao_yang_zhang_feng_wang_adaptive_sphericity_test","Feasible sign bias and stable Cauchy definition."
"3","ch3_matrix.tex:1060-1316","SSCM equality and spatial-rank proportionality","implemented","ChengLiuPengZhangZheng2019SSCM;FengZhangLiu2022Proportionality","cheng_sscm_equality_test;feng_spatial_rank_proportionality_test","cpp_ch3pp_sscm_components;cpp_ch3pp_spatial_rank_components","tests/testthat/test-chapter3-proportionality-precision.R","cheng_sscm_equality_test;feng_spatial_rank_proportionality_test","Trace-one scaling and exact feasible variance."
"3","ch3_matrix.tex:1317-1463","Spatial-sign sparse precision","implemented","LuFeng2025Precision","spatial_sign_precision;threshold_spatial_sign_precision","cpp_ch3pp_sclime;cpp_ch3pp_sglasso","tests/testthat/test-chapter3-proportionality-precision.R","spatial_sign_precision;threshold_spatial_sign_precision","SCLIME and SGLASSO certificates with no hidden ridge."
"3","ch3_matrix.tex:1464-1769","Tensor elliptical graphical model","implemented","LiuLuZhouFengWang2025TensorEGM","tensor_spatial_sign_precision;threshold_tensor_spatial_sign_precision","cpp_ch3teg_mode_crossproducts;cpp_ch3teg_whitened_mode_scatter;cpp_ch3teg_offdiag_glasso","tests/testthat/test-chapter3-tensor-elliptical-graph.R","tensor_spatial_sign_precision;threshold_tensor_spatial_sign_precision","Column-major Kolda order and absolute support threshold."
"3","ch3_matrix.tex:1770-1841","SSCM shrinkage BASIC BASICS and pooling","implemented","OllilaRaninen2019Shrinkage;RaninenOllila2022BASIC;RaninenTylerOllila2022LinearPooling","ollila_raninen_shrinkage_covariance;regularized_spatial_sign_covariance;basic_shape;basics_shape;linear_pool_covariance","cpp_ollila_sample_moments;cpp_ollila_sign_components;cpp_ollila_basic_inverse;cpp_ollila_pool_qp","tests/testthat/test-chapter3-ollila-shrinkage.R","ollila_raninen_shrinkage_covariance;regularized_spatial_sign_covariance;basic_shape;basics_shape;linear_pool_covariance","Published estimators without author-code clipping or ridge repairs."
"3","ch3_matrix.tex:1842-1968","High-dimensional HR estimator","implemented","YanFengZhang2025HR","high_dimensional_hr","cpp_ch3_hdhr_fit","tests/testthat/test-chapter3-hdhr.R","high_dimensional_hr","Primary joint banded fixed point and direct final inverse."
"3","ch3_matrix.tex:1969-2123","Elliptical factor matrix estimation","implemented","XuMaWangFeng2026EllipticalFactor","elliptical_factor_number;spatial_sign_poet;poet_tme;elliptical_factor_precision","cpp_ch3ef_tyler_one_step;cpp_ch3_gaussian_threshold_matrix;cpp_ch3pp_sclime;cpp_ch3pp_sglasso","tests/testthat/test-chapter3-elliptical-factor.R","elliptical_factor_number;spatial_sign_poet;poet_tme;elliptical_factor_precision","Factor cap and all threshold or precision tuning are explicit."
"4","ch4_other_tests.tex:129-804","Unconditional alpha tests","implemented","FengLanLiuMa2022AlphaSparse;LiuFengMa2023HeavyAlpha;ZhaoFengWangWang2024RobustAlpha;PesaranYamagata2023AlphaLargeN","grs_alpha_test;pesaran_yamagata_alpha_test;feng_lan_liu_ma_alpha_max_test;gaussian_alpha_combination_test;liu_feng_ma_spatial_sign_alpha_test;zhao_feng_wang_wang_robust_alpha_test","cpp_ch4_alpha_ols;cpp_ch4_lfm_spatial_sign_core;cpp_scaled_spatial_median","tests/testthat/test-chapter4-alpha.R","grs_alpha_test;pesaran_yamagata_alpha_test;feng_lan_liu_ma_alpha_max_test;gaussian_alpha_combination_test;liu_feng_ma_spatial_sign_alpha_test;zhao_feng_wang_wang_robust_alpha_test","Exact regression and robust sign calibrations with actual native symbols."
"4","ch4_other_tests.tex:538-617","Oracle weighted spatial-sign alpha class","implemented","ZhaoChenZi2022INSTAlpha","weighted_spatial_sign_alpha_oracle_test","cpp_ch4_completion_weighted_alpha_q","tests/testthat/test-chapter4-completion.R","weighted_spatial_sign_alpha_oracle_test","Formula-complete supplied-score API; arbitrary K feasibility is not claimed."
"4","ch4_other_tests.tex:538-617","Zhao-Chen-Zi inverse-norm alpha endpoint","implemented","ZhaoChenZi2022INSTAlpha","zhao_chen_zi_inst_alpha_test","cpp_ch4_completion_standardized_radii;cpp_ch4_completion_weighted_alpha_q;cpp_ch4_alpha_ols;cpp_ch4_lfm_spatial_sign_core","tests/testthat/test-chapter4-completion.R","zhao_chen_zi_inst_alpha_test","Primary inverse-norm endpoint with audited leave-two-out trace and no radial floor."
"4","ch4_other_tests.tex:237-384","Book Gaussian alpha Cauchy benchmark","implemented","BOOK_ONLY","book_gaussian_alpha_cauchy_test","cpp_ch4_alpha_ols","tests/testthat/test-chapter4-completion.R","book_gaussian_alpha_cauchy_test","Book-only benchmark requires supplied trace_R2 and is not attributed to the primary Bonferroni method."
"4","ch4_other_tests.tex:805-1006","Mutual-fund FDR selection","implemented","WangZhaoFengWang2025MutualFundFDR","wang_zhao_feng_wang_mutual_fund_fdr","cpp_ch4_afc_project;cpp_ch4_afc_spatial_kendall","tests/testthat/test-chapter4-alpha-fdr-conditional.R","wang_zhao_feng_wang_mutual_fund_fdr","Observable and latent-factor nuisance fits are explicit."
"4","ch4_other_tests.tex:1007-1351","Conditional alpha tests","implemented","MaLanSuTsai2020ConditionalHDA;MaFengWangBao2024ConditionalAlpha;Zhao2023ConditionalAlpha","conditional_alpha_sieve_design;conditional_alpha_sieve_fit;ma_lan_su_tsai_conditional_alpha_sum_test;ma_feng_wang_bao_conditional_alpha_test;zhao_conditional_spatial_sign_sum_test;zhao_wang_conditional_spatial_sign_test","cpp_ch4_afc_project;cpp_ch4_afc_spatial_kendall;cpp_ch4_afc_light_components;cpp_ch4_afc_css_components;cpp_scaled_spatial_median","tests/testthat/test-chapter4-alpha-fdr-conditional.R","conditional_alpha_sieve_design;conditional_alpha_sieve_fit;ma_lan_su_tsai_conditional_alpha_sum_test;ma_feng_wang_bao_conditional_alpha_test;zhao_conditional_spatial_sign_sum_test;zhao_wang_conditional_spatial_sign_test","Sieve and supplied nuisance routes are not conflated."
"4","ch4_other_tests.tex:1010-1088","Fixed-dimensional conditional-factor Wald benchmark","implemented","LiYang2011ConditionalFactor;AngKristensen2012ConditionalFactor","conditional_factor_wald_test","PURE_R","tests/testthat/test-chapter4-completion.R","conditional_factor_wald_test","Supplied delta and covariance only; strict Cholesky and no nuisance estimator."
"4","ch4_other_tests.tex:1352-2199","Change-point tests and segmentation","implemented","WangFeng2023JRSSBChangePoint;LiuFengPengWang2025SpatialSignCP;SongWenFeng2026ERHTCP","classical_cusum_test;wang_feng_dms_test;spatial_sign_change_point_test;erht_change_point_test;erht_wbs","ch4_cp_cusum_cpp;ch4_cp_dms_moments_cpp;ch4_cp_scaled_hr_cpp;ch4_cp_spatial_median_cpp;ch4_cp_ordered_pair_square_sum_cpp;ch4_cp_erht_moments_cpp","tests/testthat/test-chapter4-change-point.R","classical_cusum_test;wang_feng_dms_test;spatial_sign_change_point_test;erht_change_point_test;erht_wbs","Actual registered native names replace four stale aliases."
"4","ch4_other_tests.tex:2201-2578","White-noise tests","implemented","BoxPierce1970;LjungBox1978;FengLiuMa2024WhiteNoise;ZhaoChenWang2024SpatialSignWN;ChenSongFeng2025RankWhiteNoise","white_noise_portmanteau_test;feng_liu_ma_white_noise_test;zhao_chen_wang_spatial_sign_white_noise_test;chen_song_feng_rank_white_noise_test","cpp_ch4wn_flm_core;cpp_ch4wn_spatial_sign_core;cpp_ch4wn_rank_max_core","tests/testthat/test-chapter4-white-noise.R","white_noise_portmanteau_test;feng_liu_ma_white_noise_test;zhao_chen_wang_spatial_sign_white_noise_test;chen_song_feng_rank_white_noise_test","Rank sum combinations not supplied by the primary remain unimplemented."
"4","ch4_other_tests.tex:2579-2720","Gaussian and panel independence tests","implemented","BOOK_ONLY;Pesaran2004CD;LongJiangLiuXiong2022PanelIndep;WangLiuFengMa2024FisherPanel","gaussian_wilks_independence_test;pesaran_cd_test;feng_jiang_liu_xiong_panel_independence_test;wang_liu_feng_ma_serial_panel_test","cpp_ch4ind_wilks_core;cpp_ch4ind_pairwise_core;cpp_ch4ind_serial_panel_core","tests/testthat/test-chapter4-independence.R","gaussian_wilks_independence_test;pesaran_cd_test;feng_jiang_liu_xiong_panel_independence_test;wang_liu_feng_ma_serial_panel_test","Separate iid-panel and serial-panel contracts."
"4","ch4_other_tests.tex:2849-2988","Spearman and Kendall vector independence","implemented","WangLiuFeng2026VectorIndep","wang_liu_feng_vector_independence_test","cpp_ch4ind_rank_vector_core","tests/testthat/test-chapter4-independence.R","wang_liu_feng_vector_independence_test","Simple and non-degenerate rank families with permutation variance."
"4","ch4_other_tests.tex:2849-2988","Exact degenerate rank-U vector independence","implemented","WangLiuFeng2026VectorIndep","wang_liu_feng_vector_u_independence_test","cpp_ch4_completion_vector_u_core","tests/testthat/test-chapter4-completion.R","wang_liu_feng_vector_u_independence_test","Exact Hoeffding D BKR R and tau-star kernels; workload guard and intrinsic permutation calibration."
"4","ch4_other_tests.tex:2721-2848","Mutual independence max-sum studentization","source-blocked","WangLiuFengMa2024MutualIndep","","","","","Book review omits executable studentization and the needed primary source is not legally accessible; no adjacent-paper substitution."
"4","ch4_other_tests.tex:2989-3374","Radial-directional elliptical diagnostic","implemented","ZhangFeng2026RadialDirectional","zhang_feng_radial_directional_test","cpp_zhang_feng_radial_directional","tests/testthat/test-chapter4-radial-directional.R","zhang_feng_radial_directional_test","Literal radial-direction scores and explicit degeneracy contracts."
"5","ch5_classification.tex:64-383","Classical and oracle LDA QDA classifiers","implemented","BOOK_ONLY","hd_classifier_fit;predict.hd_classifier_fit;gaussian_lda_oracle;gaussian_qda_oracle;elliptical_oracle_classifier;classical_lda_classifier;classical_qda_classifier","cpp_ch5_classical_linear_scores;cpp_ch5_classical_quadratic_scores;cpp_ch5_classical_mahalanobis_pairs;cpp_ch5_classical_two_class_moments","tests/testthat/test-chapter5-classical.R","hd_classifier_fit;predict.hd_classifier_fit;gaussian_lda_oracle;gaussian_qda_oracle;elliptical_oracle_classifier;classical_lda_classifier;classical_qda_classifier","Shared certified classifier contract and explicit score orientation."
"5","ch5_classification.tex:384-521","Independence FAIR thresholded and direct sparse LDA","implemented","BickelLevina2004;FanFan2008;ShaoWangDengWang2011;CaiLiu2011LDA;MaiZouYuan2012","independence_classifier;fair_classifier;shao_threshold_lda;lpd_classifier;dsda_classifier;sparse_plugin_lda","cpp_ch5_classical_fair_criterion;cpp_ch5_classical_hard_threshold_covariance;cpp_c5lin_dantzig;cpp_c5lin_dsda","tests/testthat/test-chapter5-classical.R;tests/testthat/test-chapter5-linear.R","independence_classifier;fair_classifier;shao_threshold_lda;lpd_classifier;dsda_classifier;sparse_plugin_lda","Exact registered solver symbols replace wildcard aliases."
"5","ch5_classification.tex:591-955;ch5_classification.tex:1060-1127","Spatial-sign sparse and precision plug-in LDA","implemented","ZhuangFeng2025SSLDA;LuFeng2025Precision","sslda;spatial_sign_precision_lda","cpp_c5lin_dantzig;cpp_ch3pp_sclime;cpp_ch3pp_sglasso","tests/testthat/test-chapter5-linear.R","sslda;spatial_sign_precision_lda","Certified precision adapters and no hidden ridge."
"5","ch5_classification.tex:522-590;ch5_classification.tex:956-1059","Sparse Gaussian and spatial-sign QDA","implemented","LiShao2015;JiangWangLeng2018;CaiZhang2021QDA;ShenFeng2025SSQDA","li_shao_sparse_qda;jiang_da_qda;sdar_qda;ssqda;sparse_plugin_qda","cpp_c5qda_operator;cpp_c5qda_li_shao;cpp_c5qda_jiang_matrix;cpp_c5qda_jiang_vector;cpp_c5qda_dantzig_matrix;cpp_c5qda_dantzig_vector;cpp_c5qda_ssqda_moments;cpp_c5qda_signed_logdet","tests/testthat/test-chapter5-sparse-qda.R","li_shao_sparse_qda;jiang_da_qda;sdar_qda;ssqda;sparse_plugin_qda","Exact matrix-free solvers and determinant-sign contract."
"5","ch5_classification.tex:189-243;ch5_classification.tex:1060-1185","Generalized and robust HR QDA","implemented","BosePalSahaRayNayak2015;YanFengZhang2025HR","gqda_classifier;robust_gqda;hr_gqda;hr_qda","cpp_ch5_gqda_components;cpp_ch3_hdhr_fit","tests/testthat/test-chapter5-gqda.R","gqda_classifier;robust_gqda;hr_gqda;hr_qda","Original inequality is evaluated at all legal breakpoints."
"5","ch5_classification.tex:384-1185","Reviewed classifier families without audited solver contracts","review-only","BOOK_ONLY","","","","","Scout penalized Fisher sparse optimal scoring CODA and fixed-dimensional robust estimators remain review-only rather than guessed."
"6","ch6_pca_factor.tex:57-310","Classical PCA CCA and Bartlett test","implemented","BOOK_ONLY","classical_pca;classical_cca;cca_bartlett_test","cpp_ch6cf_center_moments;cpp_ch6cf_cca_moments","tests/testthat/test-chapter6-classical-factor.R","classical_pca;classical_cca;cca_bartlett_test","Explicit divisor centering and Wilks orientation."
"6","ch6_pca_factor.tex:1018-1207","Robust factor subspaces scores and factor-number selection","implemented","HeKongYuZhang2022FactorNoMoments;XuMaWangFeng2026EllipticalFactor","robust_factor_subspace;rts_factor;kendall_factor_number;elliptical_factor_number","cpp_ch6cf_rts_components;cpp_spatial_sign;cpp_spatial_kendall;cpp_spatial_median","tests/testthat/test-chapter6-classical-factor.R;tests/testthat/test-chapter3-elliptical-factor.R","robust_factor_subspace;rts_factor;kendall_factor_number;elliptical_factor_number","elliptical_factor_number is the Chapter 3 implementation of the sign ER or GR selector reused by Chapter 6; Kendall MKER or MKTCR remains distinct."
"6","ch6_pca_factor.tex:385-419","Approximate factor models and POET","implemented","FanLiaoMincheva2013","poet_covariance","cpp_ch3_gaussian_threshold_matrix;cpp_ch3_gaussian_product_variability","tests/testthat/test-chapter3-gaussian-estimators.R","poet_covariance","Chapter 6 explicitly points to the Chapter 3 POET implementation."
"6","ch6_pca_factor.tex:448-818;ch6_pca_factor.tex:942-1017","Spatial-sign Kendall and generalized-sign PCA","implemented","TaskinenKankainenOja2012;HanLiu2018ECA;RaymaekersRousseeuw2019;https://doi.org/10.1007/s11222-024-10413-9","spatial_sign_pca;kendall_pca;generalized_sign_pca","cpp_ch6rs_radial_transform;cpp_spatial_sign;cpp_spatial_kendall","tests/testthat/test-chapter6-robust-spectral.R","spatial_sign_pca;kendall_pca;generalized_sign_pca","Published GSSCM/GSPCA sources certify the public algorithmic core. Book-attributed high-dimensional theory that depends on the unavailable Wang-Wang-Feng manuscript is not claimed as independently verified."
"6","ch6_pca_factor.tex:345-447;ch6_pca_factor.tex:819-941;ch6_pca_factor.tex:1208-1342","Sparse PCA and PMD sparse CCA","implemented","ZhaoWangFeng2026SPCA;WittenTibshiraniHastie2009","truncated_power_pca;sparse_spatial_sign_pca;fantope_pca;pmd_sparse_pca;pmd_sparse_cca","cpp_ch6spc_tpm;cpp_ch6spc_fantope;cpp_ch6spc_pmd_pca;cpp_ch6spc_pmd_cca","tests/testthat/test-chapter6-sparse-pca-cca.R","truncated_power_pca;sparse_spatial_sign_pca;fantope_pca;pmd_sparse_pca;pmd_sparse_cca","Exact ties and solver residual certificates."
"6","ch6_pca_factor.tex:1208-1342","Primary SSCCA and distinct book whitened PMD","implemented","QianLiuFeng2025SparseCCA","sscca;sign_whitened_sparse_cca","cpp_ch6_sscca_primary;cpp_ch6_sign_whitened_pmd","tests/testthat/test-chapter6-sscca.R","sscca;sign_whitened_sparse_cca","Primary metric lasso and book construction remain separate APIs."
"7","ch7_clustering.tex:9-102","Lloyd K-means and Gaussian-mixture EM","implemented","MacQueen1967;FraleyRaftery2002","lloyd_kmeans;gaussian_mixture_em","cpp_ch7cs_lloyd_core;cpp_ch7cs_gmm_core","tests/testthat/test-chapter7-classical-sparse.R","lloyd_kmeans;gaussian_mixture_em","Deterministic ties and explicit empty or SPD contracts."
"7","ch7_clustering.tex:103-138;ch7_clustering.tex:467-512","Sparse K-means selector and sparse K-medians","implemented","WittenTibshirani2010Clustering;BOOK_ONLY","sparse_kmeans;sparse_kmeans_select_s;sparse_kmedian","cpp_ch7cs_sparse_kmeans_core;cpp_ch7cs_sparse_kmedian_core","tests/testthat/test-chapter7-classical-sparse.R","sparse_kmeans;sparse_kmeans_select_s;sparse_kmedian","BCSS identity and intrinsic permutation Gap calibration."
"7","ch7_clustering.tex:139-235","CHIME clustering","implemented","CaiMaZhang2019","chime_clustering","cpp_ch7_chime_fit","tests/testthat/test-chapter7-chime-ifpca.R","chime_clustering","Identifiable omega orientation is restored after every update."
"7","ch7_clustering.tex:236-385","IF-PCA clustering","implemented","JinWang2016IFPCA","if_pca","cpp_ch7_if_scores;cpp_ch7_if_null_scores;cpp_ch7_if_deterministic_kmeans","tests/testthat/test-chapter7-chime-ifpca.R","if_pca","KS HCT scale ties and local RNG state are fixed."
"7","ch7_clustering.tex:386-670","K-spatial SM-SSCM and Sparse-SM","implemented","ZhaoZhuangFeng2026SparseKSM","k_spatial_median;sm_sscm;sparse_k_spatial_median","cpp_ch7sc_assign_euclidean;cpp_ch7sc_sscm_metric;cpp_ch7sc_assign_metric;cpp_ch7sc_feature_scores;cpp_ch7sc_geometry","tests/testthat/test-chapter7-spatial-clustering.R","k_spatial_median;sm_sscm;sparse_k_spatial_median","Center and assignment geometries plus active empty cycle contracts."
"7","ch7_clustering.tex:456-465;ch7_clustering.tex:558-568","Sparse-SM permutation threshold selector","implemented","ZhaoZhuangFeng2026SparseKSM","sparse_sm_select_tau","cpp_ch7sc_geometry","tests/testthat/test-chapter7-spatial-clustering.R","sparse_sm_select_tau","Book-backed permutation Gap threshold selector."
"7","PRIMARY_ONLY","Sparse-SM BWDM cluster-count selector","implemented","ZhaoZhuangFeng2026SparseKSM","sparse_sm_select_k","cpp_ch7sc_geometry","tests/testthat/test-chapter7-spatial-clustering.R","sparse_sm_select_k","BWDM K selection is sourced only to the primary paper and must not be attributed to ch7 manuscript lines."
"7","ch7_clustering.tex:671-929","Semiparametric elliptical mixture clustering","implemented","FengZhuang2026SEMC","semc_fit;predict.semc_fit;semc_select_k_gap","cpp_ch7_semc_delta;cpp_ch7_semc_softmax;cpp_ch7_semc_weighted_sign_scatter;cpp_ch7_semc_weighted_tyler;cpp_ch7_semc_offdiag_glasso;cpp_ch7_semc_weighted_kde","tests/testthat/test-chapter7-semc.R","semc_fit;predict.semc_fit;semc_select_k_gap","Primary arXiv plus flnankai/GEMcluster commit 10fce04fe690fe274dd5d237cfcd3d5c6a4139f6 MIT; independent rewrite; explicit software-only controls; fixed fixtures and examples; no paper simulation."


