"citation_key","verification_status","stable_identifier","official_url","canonical_authors","canonical_year","canonical_title","metadata_comparison","method_trace_rows","formula_trace","verified_on"
"AngKristensen2012ConditionalFactor","independently_verified","doi:10.1016/j.jfineco.2012.04.008","https://www.sciencedirect.com/science/article/pii/S0304405X12000694","Andrew Ang; Dennis Kristensen","2012","Testing conditional factor models","book metadata agrees","MTR-060","MTR-060; ch4_other_tests.tex:1010-1088; primary article Sec. 2.2 pp. 6-8 eqs. (5)-(6) and Sec. 2.3 pp. 9-10 eqs. (10) and (14), locating the conditional-factor estimators and Wald construction","2026-08-15"
"BickelLevina2004","independently_verified","doi:10.3150/bj/1106314847","https://doi.org/10.3150/bj/1106314847","Peter J. Bickel; Elizaveta Levina","2004","Some theory for Fisher's linear discriminant function, naive Bayes, and some alternatives when there are many more variables than observations","typography and capitalization only","MTR-069","MTR-069; ch5_classification.tex:384-521; primary article Sec. 2 pp. 990-991 eq. (2.1) and Sec. 4 eq. (4.6) plus Theorem 2, locating the Fisher rule and independence-rule result","2026-08-15"
"BickelLevina2008Cov","independently_verified","doi:10.1214/08-AOS600","https://doi.org/10.1214/08-AOS600","Peter J. Bickel; Elizaveta Levina","2008","Covariance regularization by thresholding","book metadata agrees","MTR-041","MTR-041; ch3_matrix.tex:408-445 and 535-549; primary article Sec. 2 p. 3 eq. (3) and Sec. 2.2 p. 5 eqs. (6)-(7), locating the covariance-thresholding estimator and adaptive threshold scale","2026-08-15"
"BosePalSahaRayNayak2015","independently_verified","doi:10.1016/j.patcog.2015.02.016","https://www.sciencedirect.com/science/article/abs/pii/S003132031500076X","Smarajit Bose; Amita Pal; Rita SahaRay; Jitadeepa Nayak","2015","Generalized quadratic discriminant analysis","MAJOR: book metadata incorrectly lists Soham Bose; Nikhil R. Pal; Suman Saha Ray; Janmenjoy Nayak","MTR-072","MTR-072; ch5_classification.tex:189-243 and 1060-1185; primary article Sec. 2 pp. 2677-2679 and Sec. 3 pp. 2679-2680 locate the GQDA methodology; formula numbers were not independently available","2026-08-15"
"BoxPierce1970","independently_verified","doi:10.1080/01621459.1970.10481180","https://www.tandfonline.com/doi/abs/10.1080/01621459.1970.10481180","George E. P. Box; David A. Pierce","1970","Distribution of residual autocorrelations in autoregressive-integrated moving average time series models","publisher DOI preferred over JSTOR; volume year retained","MTR-062","MTR-062; ch4_other_tests.tex:2201-2578; primary article Sec. 2.4 p. 1515 eqs. (2.26)-(2.29), Sec. 2.7 p. 1517 eq. (2.38), and Secs. 4-5 locate the portmanteau statistic and residual-autocorrelation calibration","2026-08-15"
"CaiLiu2011AdaptiveThreshold","independently_verified","doi:10.1198/jasa.2011.tm10560","https://www.tandfonline.com/doi/abs/10.1198/jasa.2011.tm10560","T. Tony Cai; Weidong Liu","2011","Adaptive thresholding for sparse covariance matrix estimation","online platform date is later than the 2011 volume year","MTR-018;MTR-041","MTR-018 and MTR-041; primary article Sec. 2 pp. 674-675 eqs. (9)-(12) locate the adaptive entrywise threshold and covariance estimator","2026-08-15"
"CaiLiu2011LDA","independently_verified","doi:10.1198/jasa.2011.tm11199","https://www.tandfonline.com/doi/abs/10.1198/jasa.2011.tm11199","T. Tony Cai; Weidong Liu","2011","A direct estimation approach to sparse linear discriminant analysis","online platform date is later than the 2011 volume year","MTR-069","MTR-069; ch5_classification.tex:384-521; primary article Sec. 2 eqs. (3)-(4) and Sec. 5.1 eq. (16) locate the direct sparse discriminant program and classifier","2026-08-15"
"CaiZhang2021QDA","independently_verified","doi:10.1214/20-AOS2012","https://doi.org/10.1214/20-AOS2012","T. Tony Cai; Linjun Zhang","2021","A convex optimization approach to high-dimensional sparse quadratic discriminant analysis","book metadata agrees","MTR-071","MTR-071; ch5_classification.tex:522-590 and 956-1059; primary article Sec. 3 eqs. (3.1)-(3.4) locate the convex sparse-QDA loss, constraints, and discriminant rule","2026-08-15"
"ChenZhangZhong2010","independently_verified","doi:10.1198/jasa.2010.tm09560","https://www.tandfonline.com/doi/abs/10.1198/jasa.2010.tm09560","Song Xi Chen; Li-Xin Zhang; Ping-Shou Zhong","2010","Tests for high-dimensional covariance matrices","online platform date is later than the 2010 volume year","MTR-046","MTR-046; ch3_matrix.tex:550-690; primary article Sec. 2 eq. (2.3) and the displayed T2n, Un, and Vn definitions, plus Sec. 3 eqs. (3.1)-(3.2) and Theorems 1-2, locate the covariance-test statistic and calibration","2026-08-15"
"FanFan2008","independently_verified","doi:10.1214/07-AOS504","https://pmc.ncbi.nlm.nih.gov/articles/PMC2630123/","Jianqing Fan; Yingying Fan","2008","High-dimensional classification using features annealed independence rules","book metadata agrees","MTR-069","MTR-069; ch5_classification.tex:384-521; primary article Sec. 3 eq. (3.1) and Sec. 4 eqs. (4.2)-(4.3) locate FAIR feature screening and the independence classifier","2026-08-15"
"FanLiaoMincheva2013","independently_verified","doi:10.1111/rssb.12016","https://pubmed.ncbi.nlm.nih.gov/24348088/","Jianqing Fan; Yuan Liao; Martina Mincheva","2013","Large covariance estimation by thresholding principal orthogonal complements","book metadata agrees","MTR-041;MTR-076","MTR-041 and MTR-076; primary article Sec. 2.2 eqs. (2.4)-(2.7) locate the POET decomposition, residual thresholding, and covariance estimator","2026-08-15"
"FengZouWangZhu2015BF","independently_verified","doi:10.5705/ss.2014.048","https://scholars.hkbu.edu.hk/en/publications/two-sample-behrens-fisher-problem-for-high-dimensional-data-2/","Long Feng; Changliang Zou; Zhaojun Wang; Lixing Zhu","2015","Two-sample Behrens-Fisher problem for high-dimensional data","title hyphenation only","MTR-019","MTR-019; ch2_location.tex:628-777; primary article Sec. 2 definitions Q3 and Tn, muhat and sigmahat, and Corollary 1 locate the two-sample Behrens-Fisher statistic and null calibration","2026-08-15"
"FengZouWangZhu2017CT2","independently_verified","doi:10.5705/ss.202015.0199","https://www3.stat.sinica.edu.tw/sstest/j27n3/j27n324/j27n324.html","Long Feng; Changliang Zou; Zhaojun Wang; Lixing Zhu","2017","Composite T-squared test for high-dimensional data","title typography only; DOI substring is not a publication year","MTR-020","MTR-020; ch2_location.tex:778-784; primary article Algorithm 1, eqs. (2.1) and (2.4), Proposition 2, and eq. (3.1) locate the composite components, combination rule, and calibration","2026-08-15"
"FisherSunGallagher2010","independently_verified","doi:10.1016/j.jmva.2010.07.004","https://cecas.clemson.edu/~cgallag/publications/FishSunGal.pdf","Thomas J. Fisher; Xiaoqian Sun; Colin M. Gallagher","2010","A new test for sphericity of the covariance matrix for high dimensional data","MAJOR: book metadata says Christopher M. Gallagher; canonical author is Colin M. Gallagher","MTR-046","MTR-046; ch3_matrix.tex:550-690; primary article eqs. (1)-(3) and Corollary 1 eq. (5) locate the sphericity statistic and asymptotic null calibration","2026-08-15"
"FraleyRaftery2002","independently_verified","doi:10.1198/016214502760047131","https://www.tandfonline.com/doi/abs/10.1198/016214502760047131","Chris Fraley; Adrian E. Raftery","2002","Model-based clustering, discriminant analysis, and density estimation","online platform date is later than the 2002 volume year","MTR-080","MTR-080; ch7_clustering.tex:9-102; primary article pp. 612-617 locate Gaussian-mixture model-based clustering and EM/BIC methodology; formula numbers were not independently machine-verifiable","2026-08-15"
"HallinPaindaveine2006","independently_verified","doi:10.1214/009053606000000731","https://arxiv.org/abs/0707.4621","Marc Hallin; Davy Paindaveine","2006","Semiparametrically efficient rank-based inference for shape. I. Optimal rank-based tests for sphericity","book metadata agrees","MTR-040","MTR-040; ch3_matrix.tex:228-405; primary article Sec. 4.2 electronic-reprint pp. 24-25 (journal pp. 2730-2731) eqs. (4.3)-(4.5): eq. (4.3) gives the K-score signed-rank statistic and eqs. (4.4)-(4.5) give signed-rank covariance/Frobenius forms for optimal rank sphericity tests","2026-08-15"
"HeKongYuZhang2022FactorNoMoments","independently_verified","doi:10.1080/07350015.2020.1811101","https://www.tandfonline.com/doi/abs/10.1080/07350015.2020.1811101","Yong He; Xinbing Kong; Long Yu; Xinsheng Zhang","2022","Large-dimensional factor analysis without moment constraints","online-first 2020; canonical issue year 2022","MTR-075","MTR-075; ch6_pca_factor.tex:1018-1207; primary article Sec. 2.2 PDF p. 5 eqs. (2.2)-(2.3): the sample spatial Kendall matrix and its top m eigenvectors times sqrt(p) estimate loadings, while OLS estimates factors","2026-08-15"
"Hotelling1931","independently_verified","doi:10.1214/aoms/1177732979","https://doi.org/10.1214/aoms/1177732979","Harold Hotelling","1931","The generalization of Student's ratio","book metadata agrees","MTR-011","MTR-011; ch2_location.tex:146-168 and 197-231; primary article journal p. 364 eq. (4) defines multivariate simultaneous-deviation T-squared, reducing to t-squared univariately; pp. 375-376 eq. (25) and the incomplete-beta tail give the exact density and tail probability","2026-08-15"
"JiangWangLeng2018","independently_verified","arXiv:1510.00084","https://jmlr.org/papers/v19/17-285.html","Binyan Jiang; Xiangyu Wang; Chenlei Leng","2018","A direct approach for sparse quadratic discriminant analysis","arXiv first posted 2015; canonical JMLR issue year 2018","MTR-071","MTR-071; ch5_classification.tex:522-590 and 956-1059; primary article Sec. 2 p. 4 eq. (1) gives QDA; Sec. 2.1 p. 5 eq. (2), p. 6 eqs. (4)-(6), and p. 8 eq. (8) give D-trace l1 differential-precision estimation, ADMM updates, and lasso delta estimation","2026-08-15"
"John1971","independently_verified","doi:10.1093/biomet/58.1.123","https://academic.oup.com/biomet/article-abstract/58/1/123/224314","S. John","1971","Some optimal multivariate tests","Oxford DOI preferred over JSTOR","MTR-040","MTR-040; ch3_matrix.tex:228-405; primary article journal pp. 125-127 displayed U=(1/p) tr{S/[(1/p) tr S]-I_p}^2 defines John's trace-dispersion and LMP-invariant sphericity test; OUP full text is paywalled, so the original formula number was not independently verified","2026-08-15"
"LeyderRaymaekersVerdonck2024GSPCA","independently_verified","doi:10.1007/s11222-024-10413-9","https://cris.maastrichtuniversity.nl/en/publications/generalized-spherical-principal-component-analysis/","Sarah Leyder; Jakob Raymaekers; Tim Verdonck","2024","Generalized spherical principal component analysis","external direct primary not present in the book bibliography","MTR-077","MTR-077; published article Section 2 and Equation 1 define the sample GSSCM and its eigenvector PCA; book-only asymptotic extensions are not attributed to this source","2026-08-15"
"LiChen2012","independently_verified","doi:10.1214/12-AOS993","https://arxiv.org/abs/1206.0917","Jun Li; Song Xi Chen","2012","Two sample tests for high-dimensional covariance matrices","book metadata agrees","MTR-046","MTR-046; ch3_matrix.tex:550-690; primary article Sec. 2 journal pp. 911-914 eqs. (2.1)-(2.3) and (2.7): Anh and Cn1n2 U-statistics make T=A1+A2-2C unbiased for ||Sigma1-Sigma2||_F^2, while Ln and its rejection threshold provide calibration","2026-08-15"
"LiShao2015","independently_verified","doi:10.5705/ss.2013.150","https://www3.stat.sinica.edu.tw/preprint/SS-13-150_Preprint.pdf","Quefeng Li; Jun Shao","2015","Sparse quadratic discriminant analysis for high dimensional data","book metadata agrees","MTR-071","MTR-071; ch5_classification.tex:522-590 and 956-1059; primary article Sec. 2 p. 460 eq. (2.3), Sec. 3 pp. 463-465 eqs. (3.4) and (3.6), and p. 465 SQDA definition locate the classifier, mean threshold, covariance double threshold, and SQDA plug-in rule","2026-08-15"
"LiYang2011ConditionalFactor","independently_verified","doi:10.1016/j.jempfin.2011.07.004","https://www.sciencedirect.com/science/article/pii/S092753981100048X","Yan Li; Liyan Yang","2011","Testing conditional factor models: A nonparametric approach","book metadata agrees","MTR-060","MTR-060; ch4_other_tests.tex:1010-1088; primary article Sec. 2 Methodology locates the optimal local window, leave-one-out cross-validation, average pricing-error asymptotic test, and individual pricing-error bootstrap test; publisher confirms section scope but restricted full text prevented independent equation-number and exact-page verification","2026-08-15"
"LjungBox1978","independently_verified","doi:10.1093/biomet/65.2.297","https://academic.oup.com/biomet/article-abstract/65/2/297/236869","Greta M. Ljung; George E. P. Box","1978","On a measure of lack of fit in time series models","book metadata agrees","MTR-062","MTR-062; ch4_other_tests.tex:2201-2578; primary article Sec. 1 journal p. 298 eq. (1) defines Q(r)=n(n+2) sum_{k=1}^m r_k^2/(n-k), calibrated by chi-square_(m-p-q) after ARMA fitting","2026-08-15"
"MaFengWangBao2024ConditionalAlpha","independently_verified","doi:10.1080/07350015.2024.2313543","https://www.tandfonline.com/doi/abs/10.1080/07350015.2024.2313543","Huifang Ma; Long Feng; Zhaojun Wang; Jigang Bao","2024","Adaptive testing for alphas in conditional factor models with high dimensional assets","older arXiv display omitted Bao; publisher confirms four authors","MTR-059","MTR-059; ch4_other_tests.tex:1007-1351; primary article Secs. 2.1-2.2 PDF pp. 5-7 eqs. (4)-(6), Theorem 2.1 p. 8, Sec. 3 eq. (7), and Sec. 3.2 p. 11 locate B-spline residuals, max statistic M_NT and extreme-value p_M, sum statistic, and Fisher adaptive p-combination p_adp","2026-08-15"
"MaLanSuTsai2020ConditionalHDA","independently_verified","doi:10.1080/07350015.2018.1482758","https://doi.org/10.1080/07350015.2018.1482758","Shujie Ma; Wei Lan; Liangjun Su; Chih-Ling Tsai","2020","Testing alphas in conditional time-varying factor models with high-dimensional assets","online-first 2018; canonical issue year 2020","MTR-059","MTR-059; ch4_other_tests.tex:1007-1351; primary article Sec. 2 journal pp. 216-220 displayed HDA definitions and the following constant-coefficient-test section locate the B-spline estimator, J_NT, bias-corrected J_NT*, sigmahat_NT, and T_H; repository PDF returned HTTP 403 and publisher challenge prevented exact equation-number verification","2026-08-15"
"MacQueen1967","independently_verified","url:https://projecteuclid.org/ebooks/berkeley-symposium-on-mathematical-statistics-and-probability/Some-methods-for-classification-and-analysis-of-multivariate-observations/chapter/Some-methods-for-classification-and-analysis-of-multivariate-observations/bsmsp/1200512992","https://digicoll.lib.berkeley.edu/record/113015","James B. MacQueen","1967","Some methods for classification and analysis of multivariate observations","symposium held 1965-1966; publication year 1967","MTR-080","MTR-080; ch7_clustering.tex:9-102; primary chapter Sec. 2.1 pp. 282-283 eqs. (2.1)-(2.2) and the following sequential update define nearest-centroid partition, first-k initialization, and online centroid-mean updating","2026-08-15"
"MaiZouYuan2012","independently_verified","doi:10.1093/biomet/asr066","https://doi.org/10.1093/biomet/asr066","Qing Mai; Hui Zou; Ming Yuan","2012","A direct approach to sparse discriminant analysis in ultra-high dimensions","book metadata agrees","MTR-069","MTR-069; ch5_classification.tex:384-521; primary article Sec. 3.1 journal pp. 32-34 eqs. (5)-(10) locate OLS recovery of the LDA direction, sparse penalized least squares, classifier, optimal intercepts, and lasso implementation","2026-08-15"
"Mauchly1940","independently_verified","doi:10.1214/aoms/1177731915","https://doi.org/10.1214/aoms/1177731915","John W. Mauchly","1940","Significance test for sphericity of a normal n-variate distribution","book metadata agrees","MTR-040","MTR-040; ch3_matrix.tex:228-405; primary article Sec. 2 journal pp. 205-206 eqs. (8)-(10), especially eq. (10), defines L_N,n=[|S|/{tr(S)/n}^n]^(1/2), equivalently W=L^2; Secs. 4-5 pp. 207-209 give the n=2 exact and n=3 approximate distributions","2026-08-15"
"MottonenOja1995","independently_verified","doi:10.1080/10485259508832643","https://www.tandfonline.com/doi/abs/10.1080/10485259508832643","Jyrki Möttönen; Hannu Oja","1995","Multivariate spatial sign and rank methods","online 2007 is a later digitization timestamp; canonical volume year 1995","MTR-012","MTR-012; published article pages 201-213; spatial-sign/rank location method checked against the published construction","2026-08-15"
"Nagao1973","independently_verified","doi:10.1214/aos/1176342464","https://doi.org/10.1214/aos/1176342464","Hisao Nagao","1973","On Some Test Criteria for Covariance Matrix","book metadata agrees","MTR-040","MTR-040; published article pages 700-709; covariance test criterion checked against the published method","2026-08-15"
"OllilaRaninen2019Shrinkage","independently_verified","doi:10.1109/TSP.2019.2908144","https://research.aalto.fi/en/publications/optimal-shrinkage-covariance-matrix-estimation-under-random-sampl/","Esa Ollila; Elias Raninen","2019","Optimal shrinkage covariance matrix estimation under random sampling from elliptical distributions","MAJOR: package documentation used wrong DOI 10.1109/TSP.2019.2906691; official DOI is 10.1109/TSP.2019.2908144","MTR-051","MTR-051; published article pages 2707-2719; elliptical shrinkage coefficient and covariance estimator checked against the published method","2026-08-15"
"ParkAyyala2013","independently_verified","doi:10.1016/j.jspi.2012.11.001","https://snu.elsevierpure.com/en/publications/a-test-for-the-mean-vector-in-large-dimension-and-small-samples/","Junyong Park; Deepak Nag Ayyala","2013","A test for the mean vector in large dimension and small samples","book metadata records Jeongyoun Park and Daya N. Ayyala; official metadata gives Junyong Park and Deepak Nag Ayyala","MTR-014","MTR-014; published article pages 929-943; leave-out mean-vector statistic checked against the published method","2026-08-15"
"Pesaran2004CD","independently_verified","url:https://docs.iza.org/dp1240.pdf","https://www.iza.org/publications/dp/1240/general-diagnostic-tests-for-cross-section-dependence-in-panels","M. Hashem Pesaran","2004","General Diagnostic Tests for Cross Section Dependence in Panels","cited source is the 2004 working paper; a distinct journal version appeared in 2021","MTR-063","MTR-063; IZA Discussion Paper 1240; cross-sectional-dependence statistic checked against the cited working-paper method","2026-08-15"
"PesaranYamagata2023AlphaLargeN","independently_verified","doi:10.1093/jjfinec/nbad002","https://academic.oup.com/jfec/article/22/2/407/7034255","M. Hashem Pesaran; Takashi Yamagata","2024","Testing for Alpha in Linear Factor Pricing Models with a Large Number of Securities","online 2023; canonical Volume 22 issue year 2024; citation key retains 2023","MTR-054","MTR-054; published article Section 3 and Equations 18-19 onward; alpha test checked against the published method","2026-08-15"
"RaninenOllila2022BASIC","independently_verified","doi:10.1109/LSP.2021.3134940","https://research.aalto.fi/en/publications/bias-adjusted-sign-covariance-matrix/","Elias Raninen; Esa Ollila","2022","Bias Adjusted Sign Covariance Matrix","early online 2021; canonical volume year 2022","MTR-051","MTR-051; published article pages 339-343; bias-adjusted sign covariance estimator checked against the published method","2026-08-15"
"RaninenTylerOllila2022LinearPooling","independently_verified","doi:10.1109/TSP.2021.3139207","https://research.aalto.fi/en/publications/linear-pooling-of-sample-covariance-matrices/","Elias Raninen; David E. Tyler; Esa Ollila","2022","Linear pooling of sample covariance matrices","early online 2021; canonical volume year 2022","MTR-051","MTR-051; published article pages 659-672; linear-pooling estimator checked against the published method","2026-08-15"
"RaymaekersRousseeuw2019","independently_verified","doi:10.1016/j.jmva.2018.11.010","https://www.sciencedirect.com/science/article/pii/S0047259X18302410","Jakob Raymaekers; Peter J. Rousseeuw","2019","A generalized spatial sign covariance matrix","foundation for MTR-077; direct GSPCA primary is Leyder et al. 2024","MTR-077","MTR-077; published article Section 2 Equations 1-8 and Section 4 PCA define GSSCM radial families and PCA use","2026-08-15"
"RothmanLevinaZhu2009","independently_verified","doi:10.1198/jasa.2009.0101","https://www.tandfonline.com/doi/abs/10.1198/jasa.2009.0101","Adam J. Rothman; Elizaveta Levina; Ji Zhu","2009","Generalized Thresholding of Large Covariance Matrices","platform timestamp is later than canonical 2009 volume year","MTR-041","MTR-041; published article pages 177-186; generalized thresholding rule checked against the published method","2026-08-15"
"ShaoWangDengWang2011","independently_verified","doi:10.1214/10-AOS870","https://doi.org/10.1214/10-AOS870","Jun Shao; Yazhen Wang; Xinwei Deng; Sijian Wang","2011","Sparse linear discriminant analysis by thresholding for high dimensional data","book metadata agrees","MTR-069","MTR-069; published article pages 1241-1265; sparse LDA thresholding rule checked against the published method","2026-08-15"
"SrivastavaDu2008","independently_verified","doi:10.1016/j.jmva.2006.11.002","https://www.sciencedirect.com/science/article/pii/S0047259X06001990","Muni S. Srivastava; Meng Du","2008","A test for the mean vector with fewer observations than the dimension","distinct from the 2009 single-author non-normality paper","MTR-013","MTR-013; published article pages 386-402; diagonal-scale mean-vector statistic checked against the published method","2026-08-15"
"VisuriOjaKoivunen2000","independently_verified","doi:10.1016/S0378-3758(00)00199-3","https://www.sciencedirect.com/science/article/pii/S0378375800001993","Samuli Visuri; Visa Koivunen; Hannu Oja","2000","Sign and rank covariance matrices","book metadata agrees","MTR-004;MTR-006","MTR-004 and MTR-006; published article Section 3 and pages 557-575; sign/rank covariance definitions checked against the published method","2026-08-15"
"WangWangFeng2026GSPCA","book_attributed_source_unavailable","","","Yanqi Wang; Hongfei Wang; Long Feng","2026","Robust Principal Component Analysis for High Dimensional Data via Generalized Spatial-Sign","no local manuscript, DOI, arXiv record, publisher page, or independently auditable public source was found; do not use this citation as implementation evidence","","book ch6_pca_factor.tex:574-660 and 942-1017 records the attribution; published GSPCA/GSSCM sources verify only the public algorithmic core","2026-08-15"
"WangXu2022","independently_verified","doi:10.1093/biomet/asac014","https://academic.oup.com/biomet/article-abstract/109/4/1117/6535701","Rui Wang; Wangli Xu","2022","An approximate randomization test for the high-dimensional two-sample Behrens-Fisher problem under arbitrary covariances","book metadata agrees","MTR-036","MTR-036; published article pages 1117-1132; approximate randomization statistic checked against the published method","2026-08-15"
"WangYao2013","independently_verified","doi:10.1214/13-EJS842","https://hub.hku.hk/handle/10722/189449","Qinwen Wang; Jianfeng Yao","2013","On the sphericity test with large-dimensional observations","book metadata agrees","MTR-046","MTR-046; published article pages 2164-2192; corrected sphericity statistic checked against the published method","2026-08-15"
"WangZhaoFengWang2025MutualFundFDR","independently_verified","doi:10.1016/j.jeconom.2025.106121","https://www.sciencedirect.com/science/article/pii/S0304407625001757","Hongfei Wang; Ping Zhao; Long Feng; Zhaojun Wang","2025","Robust mutual fund selection with false discovery rate control","publisher order is Wang, Zhao, Feng, Wang; arXiv v1 used Wang, Feng, Zhao, Wang; corrigendum confirms publisher order","MTR-058","MTR-058; published article Sections 2-3; FDR screening and mutual-fund selection procedure checked against the version of record","2026-08-15"
"WittenTibshiraniHastie2009","independently_verified","doi:10.1093/biostatistics/kxp008","https://academic.oup.com/biostatistics/article-abstract/10/3/515/293026","Daniela M. Witten; Robert Tibshirani; Trevor Hastie","2009","A penalized matrix decomposition, with applications to sparse principal components and canonical correlation analysis","book metadata agrees","MTR-078","MTR-078; published article pages 515-534; PMD sparse PCA/CCA objective and updates checked against the published method","2026-08-15"
"XuLinWeiPan2016","independently_verified","doi:10.1093/biomet/asw029","https://academic.oup.com/biomet/article-pdf/103/3/609/23590492/asw029.pdf","Gongjun Xu; Lifeng Lin; Peng Wei; Wei Pan","2016","An adaptive two-sample test for high-dimensional means","OUP page may show 2017; canonical volume year 2016","MTR-021","MTR-021; published article pages 609-624; adaptive two-sample combination rule checked against the published method","2026-08-15"
"ZhangZhouGuo2022","independently_verified","doi:10.1007/s00362-021-01270-z","https://doi.org/10.1007/s00362-021-01270-z","Jin-Ting Zhang; Bu Zhou; Jia Guo","2022","Testing high-dimensional mean vector with applications","online 2021; canonical issue year 2022","MTR-034","MTR-034; published article pages 1105-1137; normal-reference mean-vector statistic checked against the published method","2026-08-15"
"ZhangZhuZhang2023","independently_verified","doi:10.1080/02664763.2020.1834516","https://www.tandfonline.com/doi/10.1080/02664763.2020.1834516","Liang Zhang; Tianming Zhu; Jin-Ting Zhang","2023","Two-sample Behrens-Fisher problems for high-dimensional data: a normal reference scale-invariant test","first online 2020; canonical Volume 50 issue year 2023","MTR-035","MTR-035; published article pages 456-476; normal-reference scale-invariant statistic checked against the published method","2026-08-15"
"Zhao2023ConditionalAlpha","independently_verified","doi:10.1080/02331888.2023.2180003","https://www.tandfonline.com/doi/full/10.1080/02331888.2023.2180003","Ping Zhao","2023","Robust high-dimensional alpha test for conditional time-varying factor models","book metadata agrees","MTR-059","MTR-059; published article pages 444-457; robust conditional-alpha statistic checked against the published method","2026-08-15"
"ZhaoChenWang2024SpatialSignWN","independently_verified","doi:10.1080/24754269.2024.2363715","https://www.tandfonline.com/doi/full/10.1080/24754269.2024.2363715","Ping Zhao; Dachuan Chen; Zhaojun Wang","2024","Spatial-sign-based high-dimensional white noises test","book metadata agrees","MTR-062","MTR-062; published article Section 2 and pages 251-261; spatial-sign white-noise statistic checked against the published method","2026-08-15"
